chain,protocol,hook,pools,tvl,vol_7d,fee_7d,fee_apr_7d,majors_tvl,flags,risk_flags,top_pairs
Robinhood,uniswapv4,0x06a889870c8f83640d6816319f72e2aa579b6080,1,28268931.476164,494339585.007079,466074.95954,85.96886675270584,28268931.476164,beforeInitialize; beforeSwap,,ETH/USDG 0.07%
BSC,pancakev4,0x72e09ebd9b24f47730b651889a4ed984cba53d90,33,19287024.027246006,118039856.357884,7908.673057,2.1381256580494763,0,,,USDT/SENTIS 0.0099%; USDT/KITE 0.0099%; GWEI/USDT 0.0099%
BSC,pancakev4,0xb0baa371b899950b4ef6a27c21baf5ef7c434d0f,15,15136469.355201,586111104.7714999,39269.438289,13.527730032234986,0,,,USDT/SHARE 0.0099%; USDT/CNPY 0.0099%; ZEST/USDT 0.0099%
Ethereum,uniswapv4,0xd53006d1e3110fd319a79aeec4c527a0d265e080,1,14665961.890016,9521810.817894,4760.905398,1.6926759519780847,0,beforeInitialize; beforeSwap,,ETH/AZTEC 0.0625%
Robinhood,uniswapv4,0xf1ee073811b14359d850825e48d200483200edcd,1,12614337.203574,6407181.945787,64071.819477,26.484845584479654,0,beforeInitialize; beforeAddLiquidity; afterAddLiquidity; afterRemoveLiquidity; beforeSwap; afterSwap; beforeSwapReturnDelta; afterSwapReturnDelta; afterRemoveLiquidityReturnDelta,beforeSwapReturnDelta; afterSwapReturnDelta; afterRemoveLiquidityReturnDelta,ETH/STANDARD 1%
Robinhood,uniswapv4,0xb3ca29cf721380cee8b8e4755f3865ebc68fe8cc,1,11764096.305173,35281472.671275,352814.726689,156.38062979432718,0,beforeInitialize; beforeAddLiquidity; beforeSwap; afterSwap; beforeSwapReturnDelta; afterSwapReturnDelta,beforeSwapReturnDelta; afterSwapReturnDelta,ETH/MOW 1%
BSC,pancakev4,0xb0bb171d333569cfd28a37f5c5dddaaa90ad46af,11,10161487.477244997,572915830.565756,38385.361875999995,19.697140257853267,0,,,USDT/KII 0.0099%; USDT/APM 0.0099%; AEON/USDT 0.0099%
Robinhood,uniswapv4,0x4e3468951d49f2eea976ed0d6e75ffcb44a9a544,7,10068846.885129,4653710.0683929995,37545.809367,19.44359464863733,0,beforeInitialize; afterAddLiquidity; afterRemoveLiquidity; afterSwap; afterSwapReturnDelta,afterSwapReturnDelta,WETH/STATICS 1.5%; WETH/AGENTOS 0.7%; WETH/NAUTILO 0.7%
BSC,pancakev4,0x9a9b5331ce8d74b2b721291d57de696e878353fd,9,8514793.817199,78444732.846623,5255.797098999999,3.21854272914328,0,,,BNB/COLLECT 0.0099%; PIEVERSE/USDT 0.0099%; USDT/ZAMA 0.0099%
Ethereum,uniswapv4,0x0000113dcf4add69999fad8f20f2b63f979bfcc0,2,7710486.232768999,685971884.642715,9000.114377,6.0864083543114385,7710486.232768999,beforeInitialize; afterInitialize; beforeAddLiquidity; afterAddLiquidity; beforeSwap; afterSwap,,USDC/USDG 0.01%; USDC/USDT 0.0015%
Robinhood,uniswapv4,0x08e52564bad99e05a694b4809f397edca417a080,22,7049958.186268001,103194702.87147498,695817.4912540003,514.6401026126505,82816.72208,beforeInitialize; beforeSwap,,PONS/USDG 0.7499%; CASHCAT/USDG 0.3127%; USDG/UBIK 1.5%
Ethereum,uniswapv4,0x0000000aa232009084bd71a5797d089aa4edfad4,2,5630058.7514929995,116937049.783089,4219.294388,3.9077045947131697,5630058.7514929995,beforeInitialize; afterInitialize; beforeAddLiquidity; beforeRemoveLiquidity; beforeSwap; afterSwap; afterDonate; afterSwapReturnDelta,beforeRemoveLiquidity; afterSwapReturnDelta,USDC/WETH 0.025%; WETH/USDT 0%
Base,uniswapv4,0x128bedebaa9304db74726efba848a98e7fb53a80,1,3749247.486323,1177216.891752,11772.16891,16.37220599533482,0,beforeInitialize; afterInitialize; beforeAddLiquidity; beforeRemoveLiquidity; beforeSwap,beforeRemoveLiquidity,UMIA/USDC 1%
Arbitrum,uniswapv4,0x6b70fef40d3925881251c018164dbcec6bc94040,1,3385392.093816,31447108.309304,314471.083116,484.3580982075856,0,afterSwap,,DORY/USDC 1%
Base,uniswapv4,0xbb7784a4d481184283ed89619a3e3ed143e1adc0,9,2751683.1118160007,5241165.9123100005,62893.99095099999,119.18059791186573,0,beforeInitialize; beforeAddLiquidity; afterAddLiquidity; afterRemoveLiquidity; beforeSwap; afterSwap,,WETH/SURPLUS 1.2%; WETH/AEON 1.2%; WETH/GITLAWB 1.2%
Base,uniswapv4,0xbdf938149ac6a781f94faa0ed45e6a0e984c6544,17,2185824.935818,5236482.022736999,37866.509431,90.33056396258841,0,beforeInitialize; afterAddLiquidity; afterRemoveLiquidity; afterSwap; afterSwapReturnDelta,afterSwapReturnDelta,LFI/WETH 1.02%; WETH/RATSPEAK 0.7%; WETH/WOON 0.7%
BSC,uniswapv4,0x38358b924cb329dc428650f91309dfbddf974080,4,2149874.995256,2808078.890064,8424.236664,20.432060928094348,0,beforeSwap,,USDT/PHOTON 0.3%; USDT/NEOCLOUD 0.3%; USDT/ROBOTS 0.3%
Robinhood,uniswapv4,0xb608a78761f179f7c56f15e7d13921b92f00a080,1,2140032.51008,2680507.34394,6740.467912,16.423454024924595,0,beforeInitialize; beforeSwap,,USDG/GLD 0.25%
Ethereum,uniswapv4,0xd33398d46cb5749c7319ae1fabc498cdeb0f0fc0,1,1989575.737202,30725.372119,92.176109,0.24157540694232169,0,beforeAddLiquidity; afterAddLiquidity; beforeRemoveLiquidity; afterRemoveLiquidity; beforeSwap; afterSwap,beforeRemoveLiquidity,ELEVATE/USDT 0.3%
Robinhood,uniswapv4,0xa0e8fbff13e24af2b5e61a72800e08a161bde080,1,1871662.316339,7287160.11005,4122.197002,11.484076348260942,0,beforeInitialize; beforeSwap,,SPY/USDG 0.08%
Robinhood,uniswapv4,0xafa671b2b9d82bf252df677360cee47849310a80,1,1783591.075681,9776136.095099,29328.408303,85.74089796826432,0,beforeAddLiquidity; beforeRemoveLiquidity; beforeSwap,beforeRemoveLiquidity,WETH/CFLCAT 0.3%
Base,uniswapv4,0xb429d62f8f3bffb98cdb9569533ea23bf0ba28cc,13,1755442.5344500002,5819267.4583479995,58636.771874,174.17196855733198,0,beforeInitialize; beforeAddLiquidity; beforeSwap; afterSwap; beforeSwapReturnDelta; afterSwapReturnDelta,beforeSwapReturnDelta; afterSwapReturnDelta,BOAR/WETH 1%; CLAWBANK/WETH 1%; WETH/CLAWD 1%
Robinhood,uniswapv4,0xc6a08b0ea5a6197b4722f0571826ea843ce94a80,1,1474010.054785,16200147.550735,48600.442659,171.9232464135051,0,beforeAddLiquidity; beforeRemoveLiquidity; beforeSwap,beforeRemoveLiquidity,WETH/SHDUTY 0.3%
Robinhood,uniswapv4,0xc52fc52698479e42f0da9a8a75296ec3871454c0,3,1432888.319565,5211982.030155,3959.155945,14.407382629031456,0,afterInitialize; afterAddLiquidity; beforeSwap; afterSwap,,WETH/WTH 0.05%; WETH/WTH 0.1%; USDG/SHROOM 0.9%
Base,uniswapv4,0x80e2f7dc8c2c880bbc4bdf80a5fb0eb8b1db68cc,1,1420886.851215,22895.485478,228.95486,0.8402048725367799,0,beforeInitialize; beforeAddLiquidity; beforeSwap; afterSwap; beforeSwapReturnDelta; afterSwapReturnDelta,beforeSwapReturnDelta; afterSwapReturnDelta,LIQ/WETH 1%
Robinhood,uniswapv4,0x5eb87f69be00df39981622fd60a8de4b7837e080,8,1336097.57263,7473168.648146001,35490.888231000004,138.50757256144055,0,beforeInitialize; beforeSwap,,USDG/CRCL 0.3101%; USDG/INTC 1.05%; SPCX/USDG 0.2%
Robinhood,uniswapv4,0x64e9ae1066c47ac4a3cc0a5bd7b135908590e088,8,1289578.533842,3589349.7931619994,4242.349522,17.153528790268847,208727.72769300002,beforeInitialize; beforeSwap; beforeSwapReturnDelta,beforeSwapReturnDelta,W0G/USDG 0.15%; WETH/USDG 0.01%; ETH/CBBTC 0.02%
BSC,pancakev4,0xdfdfb2c5a717ab00b370e883021f20c2fbaed277,1,1283946.148037,870850.499375,2166.376589,8.797959725223762,0,,,BNB/CAKE 0.28%
BSC,uniswapv4,0x0f23bc987361f0e0c8b6b46d1318db5468ecaac0,2,1274482.77156,9711918.517098,3668.545595,15.009104332418776,0,beforeInitialize; beforeAddLiquidity; beforeRemoveLiquidity; beforeSwap; afterSwap,beforeRemoveLiquidity,BNB/USDT 0.0375%; BNB/BTCB 0.0375%
Ethereum,uniswapv4,0xa4e6f5500e88691fdcb289aa0e99067481434880,1,1215456.422005,2796485.893038,8389.457667,35.99061922062303,0,beforeAddLiquidity; beforeSwap,,ETH/ETHFI 0.3%
Robinhood,uniswapv4,0x594e8e6281edf2d363a0293a50004cf868e7a080,5,1196427.4873999998,41851939.804019,166604.03886099998,726.095872022352,0,beforeInitialize; beforeSwap,,ETH/AI 0.297%; ETH/PONS 0.3%; ETH/CASHCAT 1%
Robinhood,uniswapv4,0x88e5d1cf9907acd48e7c81ff6ebc088ad358a5cc,1,1105286.976649,3835423.369861,11506.27015,54.28181217673937,0,beforeInitialize; afterAddLiquidity; afterRemoveLiquidity; beforeSwap; afterSwap; beforeSwapReturnDelta; afterSwapReturnDelta,beforeSwapReturnDelta; afterSwapReturnDelta,ETH/TIBBIR 0.3%
BSC,pancakev4,0x1e9c64cad39ddd36fb808e004067cffc710eb71d,1,1036981.116352,513725.21601,50.636798,0.2546186504894325,1036981.116352,,,USDT/USDC 0.04%
BSC,pancakev4,0x1a3dfbcac585e22f993cc8e09bcc0db388cc1ca3,1,862342.002692,1255917.194766,3006.624141,18.18002284210004,0,,,CAKE/USDT 0.2675%
Arbitrum,uniswapv4,0xfa0e72d3ea2995cdcc84d7264261a5719a1f40cc,1,855661.876783,104405.764177,313.217289,1.908703051771218,0,beforeSwap; afterSwap; beforeSwapReturnDelta; afterSwapReturnDelta,beforeSwapReturnDelta; afterSwapReturnDelta,FORA/USDC 0.3%
Base,uniswapv4,0x5cd525c621afca515bf58631d4733fba7b72aae4,3,854223.443682,56742.367805,130.367501,0.795779374938914,854223.443682,beforeInitialize; beforeAddLiquidity; beforeRemoveLiquidity; beforeSwap; afterSwap; beforeDonate; afterSwapReturnDelta,beforeRemoveLiquidity; afterSwapReturnDelta,USDC/CBBTC 0.3%; EURC/USDC 0.02%; ETH/USDC 0.15%
Ethereum,uniswapv4,0x4440854b2d02c57a0dc5c58b7a884562d875c0c4,1,851854.555336,176229.099515,440.572748,2.6967892248857885,0,beforeSwap; afterSwap; afterSwapReturnDelta,afterSwapReturnDelta,USDT/KNC 0.25%
Base,uniswapv4,0xd60d6b218116cfd801e28f78d011a203d2b068cc,1,827229.32027,46890.647788,468.906476,2.955664504668219,0,beforeInitialize; beforeAddLiquidity; beforeSwap; afterSwap; beforeSwapReturnDelta; afterSwapReturnDelta,beforeSwapReturnDelta; afterSwapReturnDelta,WETH/EAT 1%
BSC,pancakev4,0x26f251a46d15f396d2095738ad19869a13d4c9fd,1,787223.624195,31759079.155018,2127.858479,14.09416807126086,0,,,USDT/DBT 0.0099%
Ethereum,uniswapv4,0x890681cff5ad2069f020027f41f5f68f6a292000,1,720930.588091,317916.227551,953.748685,6.898192732233675,0,beforeInitialize,,ETH/WOCT 0.3499%
Robinhood,uniswapv4,0x2cd91bd228ff4c537031d6b8204782090c84c0cc,1,691747.68931,592571.662643,5925.716636,44.6671236919061,0,beforeSwap; afterSwap; beforeSwapReturnDelta; afterSwapReturnDelta,beforeSwapReturnDelta; afterSwapReturnDelta,ETH/INDEX 1%
BSC,pancakev4,0x32c59d556b16db81dfc32525efb3cb257f7e493d,7,632584.4068079999,1437644.942633,724.7876800000001,5.974301618947988,0,,,BNB/BTCB 0.08%; CAKE/USDT 0.08%; BNB/CAKE 0.08%
Robinhood,uniswapv4,0x332f85e7e323214b2d55286414b059ebb1f2a044,4,620678.7619790001,1009772.050154,10097.720476999999,84.83035485569403,0,beforeInitialize; afterSwap; afterSwapReturnDelta,afterSwapReturnDelta,ETH/BRODIE 1%; ETH/PEPONS 1%; ETH/TROLL 1%
Arbitrum,uniswapv4,0x4440854b2d02c57a0dc5c58b7a884562d875c0c4,2,591302.60304,3632146.7303069998,70.679328,0.6232717535674089,591302.60304,beforeSwap; afterSwap; afterSwapReturnDelta,afterSwapReturnDelta,USDC/USD₮0 0.0001%; WBTC/CBBTC 0.005%
Ethereum,uniswapv4,0xa098da8b734f00dd54169ea8986c8a95e3ec0fc0,1,546852.732239,101582.568,304.747696,2.9057943099382757,0,beforeAddLiquidity; afterAddLiquidity; beforeRemoveLiquidity; afterRemoveLiquidity; beforeSwap; afterSwap,beforeRemoveLiquidity,ETH/ELEVATE 0.3%
Polygon,uniswapv4,0x6c67d89c4efdc7b88e5b066b7f3d5a99060a55d8,3,491850.49288399995,678559.51752,968.579681,10.26826498469492,0,afterInitialize; afterAddLiquidity; afterRemoveLiquidity; beforeSwap; afterSwap; afterDonate; beforeSwapReturnDelta,beforeSwapReturnDelta,USDC/FIN 0.15%; FIN/WETH 0.12%; WBTC/FIN 0.12%
Robinhood,uniswapv4,0xbffde2c00a6a1957a5d7c6425ecac8a8780e20cc,1,462220.436194,7269204.945544,21807.614755,246.01061566199724,0,beforeInitialize; beforeSwap; afterSwap; beforeSwapReturnDelta; afterSwapReturnDelta,beforeSwapReturnDelta; afterSwapReturnDelta,ETH/GENIE 0.3%
Ethereum,uniswapv4,0x47f1c7c7d5bd2039d9d3a997d91569869edf1080,1,453922.820605,179758.906699,72.463958,0.8324053426007416,453922.820605,afterInitialize; beforeSwap,,ETH/USDC 0.0426%
BSC,uniswapv4,0x91fb28d8f4906df4e8c71806dfeb882dd82815d8,3,433896.889393,145650.422261,234.32615799999996,2.81597671707708,0,afterInitialize; afterAddLiquidity; afterRemoveLiquidity; beforeSwap; afterSwap; afterDonate; beforeSwapReturnDelta,beforeSwapReturnDelta,10X/WBNB 0.14%; ETH/10X 0.14%; 10X/USDC 0.2%
Robinhood,uniswapv4,0x720e649549f7bc2118acba9f4c9ae6fcc7586080,1,428601.63537,5816175.671481,58161.756675,707.5848338432211,0,beforeInitialize; beforeSwap,,ETH/V4 1%
Base,uniswapv4,0x4440854b2d02c57a0dc5c58b7a884562d875c0c4,2,390344.658828,1656937.219813,136.484283,1.8231786473220717,390344.658828,beforeSwap; afterSwap; afterSwapReturnDelta,afterSwapReturnDelta,ETH/USDC 0.009%; ETH/CBBTC 0.001%
Robinhood,uniswapv4,0x66622f77b797d506e5376f7798b67ab288966080,1,389199.549728,1876855.561573,2380.184161,31.88842401473763,0,beforeInitialize; beforeSwap,,USDG/NVDA 0.114%
Robinhood,uniswapv4,0x03e2ded63f54d7ebf786c345a66fcb13f4380a80,1,353523.446951,3108160.934352,9324.482821,137.5312386942807,0,beforeAddLiquidity; beforeRemoveLiquidity; beforeSwap,beforeRemoveLiquidity,WETH/PPPP 0.3%
Robinhood,uniswapv4,0x2aa7a1aa52a0099286f14bbc9748dd7ee3448a80,1,346986.452384,5899320.109639,17697.960307,265.95338511562295,0,beforeAddLiquidity; beforeRemoveLiquidity; beforeSwap,beforeRemoveLiquidity,WETH/AOTTR 0.3%
Robinhood,uniswapv4,0xf40e58b64b0982571ab67976e731d71bacca90c0,1,345884.079485,74159.043123,222.477128,3.353896230242718,0,afterInitialize; beforeSwap; afterSwap,,USDG/GLDSTN 0.3%
Robinhood,uniswapv4,0xce4d3fd6af3415b42e91f9e562d69ac5ba5cc0cc,1,320211.060446,723412.833749,7234.128328,117.79984096570952,0,beforeSwap; afterSwap; beforeSwapReturnDelta; afterSwapReturnDelta,beforeSwapReturnDelta; afterSwapReturnDelta,ETH/FILLED 1%
Robinhood,uniswapv4,0x70a9a88402989226847ec122043ce5e7ff462080,1,311009.930527,1572372.264551,875.320164,14.67531734063133,0,beforeInitialize; beforeSwap,,USDG/AAPL 0.05%
Robinhood,uniswapv4,0x93492905840233b7dd76a8c707c5ad86630600cc,1,271817.936705,1241893.07204,12418.930708,238.23244986112576,0,beforeSwap; afterSwap; beforeSwapReturnDelta; afterSwapReturnDelta,beforeSwapReturnDelta; afterSwapReturnDelta,ETH/VRAX 1%
BSC,pancakev4,0x44428c6ce391915d51f963c0dd395cd0f95fdfd2,2,264236.64680499997,4854977.661345,42.266814,0.8340676703758454,82160.486119,,,BNB/USDT 0.0091%; USDT/USDC 0.0002%
Robinhood,uniswapv4,0x3685cc4aa1266813fa0ef346853341b0778c80cc,1,255552.560556,138822.179226,416.466539,8.497569032613352,0,beforeSwap; afterSwap; beforeSwapReturnDelta; afterSwapReturnDelta,beforeSwapReturnDelta; afterSwapReturnDelta,USDG/PRINTER 0.3%
Ethereum,uniswapv4,0xc6c965bd164c483e87d0b550671798e9a3602840,1,252684.15961,604166.122727,6041.661219,124.67321985441538,0,beforeInitialize; beforeAddLiquidity; afterSwap,,ETH/VIBE 1%
BSC,pancakev4,0x2f9d16d355318774ccef7dbacbc0214a562925d6,1,250266.473342,6457125.857446,6.457126,0.13453380074258803,250266.473342,,,USDT/USDC 0.0001%
Robinhood,uniswapv4,0xfbf47e5de83e0cc2896d7e80165a59c61d90dddc,1,242406.052692,2855001.369276,28550.010547,614.1262170836941,0,afterInitialize; beforeAddLiquidity; afterAddLiquidity; afterRemoveLiquidity; beforeSwap; afterSwap; afterDonate; beforeSwapReturnDelta; afterSwapReturnDelta,beforeSwapReturnDelta; afterSwapReturnDelta,USDG/DUCAT 1%
BSC,pancakev4,0x6adc560af85377f9a73d17c658d798c9b39186e8,2,224405.17962100002,40966.978083999995,37.476601,0.8708074632872634,143665.333088,,,USDT/BTCB 0.1492%; BNB/USDT 0.0149%
Robinhood,uniswapv4,0x48b8f6ad3a1b4aa477314c9a23035b8f84dde8cc,1,222382.585162,586714.516523,5867.145156,137.56909583673215,0,beforeInitialize; beforeAddLiquidity; beforeSwap; afterSwap; beforeSwapReturnDelta; afterSwapReturnDelta,beforeSwapReturnDelta; afterSwapReturnDelta,WETH/0XZAPS 1%
Ethereum,uniswapv4,0xcb69d5abe0589af4c57b0dcca292980d5e52c0c0,5,217358.148378,3972097.034596,39720.970319,952.8811762406968,0,beforeSwap; afterSwap,,ONDO/CONDO 1%; ETH/SENDOVER 1%; ETH/SNOWMOON 1%
Robinhood,uniswapv4,0x57ec02860a43e1479baf3d8e5409c13b659f60cc,1,202703.924296,272931.855312,2729.318573,70.20804799095546,0,beforeInitialize; beforeSwap; afterSwap; beforeSwapReturnDelta; afterSwapReturnDelta,beforeSwapReturnDelta; afterSwapReturnDelta,ETH/LOAN 1%
Ethereum,uniswapv4,0x62f1026da0e6cc6232574fd62bfa863e3dea2880,1,193800.651563,219594.489398,109.797244,2.9541397112952024,0,beforeInitialize; beforeAddLiquidity; beforeSwap,,USDC/ABX 0.05%
Base,uniswapv4,0xb3ae7c0495fe4d20786cf6d119c7a821f83f40cc,2,188649.97628300003,11717.425514999999,105.456819,2.9148266838942947,0,beforeSwap; afterSwap; beforeSwapReturnDelta; afterSwapReturnDelta,beforeSwapReturnDelta; afterSwapReturnDelta,ETH/GDEX 0.9%; ETH/ESHARE 0.9%
Arbitrum,uniswapv4,0xea8fc796fc7105c3071947a642aa8caace958044,1,187131.395436,65846.117961,197.538344,5.504268071870015,0,afterSwap; afterSwapReturnDelta,afterSwapReturnDelta,RHUB/ARB 0.3%
Robinhood,uniswapv4,0x4445520306c9c70952bdfec28f3989f53d9f80c4,1,181638.394736,2133939.819891,53.348482,1.5314726161048569,181638.394736,beforeSwap; afterSwap; afterSwapReturnDelta,afterSwapReturnDelta,ETH/USDG 0.0025%
Ethereum,uniswapv4,0xe54082dfbf044b6a8f584bdddb90a22d5613c440,1,171366.659382,364984.545133,3649.845443,111.05624058622881,0,afterAddLiquidity; afterSwap,,ETH/UPEG 1%
Robinhood,uniswapv4,0xc035dc35566f8dc36331f30d5ec4108a2eded0cc,1,171045.485991,65842.38382,197.52716,6.02157398427704,0,afterInitialize; beforeSwap; afterSwap; beforeSwapReturnDelta; afterSwapReturnDelta,beforeSwapReturnDelta; afterSwapReturnDelta,ETH/TORO 0.3%
Robinhood,uniswapv4,0x67d86050d22d574df046f3d90f722045f714e080,1,168516.844046,867426.279487,1162.784392,35.979133589428955,0,beforeInitialize; beforeSwap,,TSLA/USDG 0.09%
Base,uniswapv4,0x34a45c6b61876d739400bd71228cbcbd4f53e8cc,1,161714.112269,11773.064371,117.738916,3.796356045247714,0,beforeInitialize; beforeAddLiquidity; beforeSwap; afterSwap; beforeSwapReturnDelta; afterSwapReturnDelta,beforeSwapReturnDelta; afterSwapReturnDelta,BMIND/WETH 1.0033%
Ethereum,uniswapv4,0x014257c9bfb770a94065716188d60f881d1180c0,1,152186.275076,4592590.810894,45925.908104,1573.537471908665,0,beforeSwap; afterSwap,,SHIB/WOOF 1%
Base,uniswapv4,0x73669cea70473f28af31fd1e7750e51dcfe5ea20,1,148982.535877,260890.067057,7826.702025,273.92915766061236,0,beforeInitialize; beforeAddLiquidity; beforeRemoveLiquidity; beforeDonate,beforeRemoveLiquidity,EMBOW/VVV 3%
Robinhood,uniswapv4,0x3536e961b166254e678ddf9f602cbc94d9009acc,1,141201.518478,96392.646374,289.177935,10.678754673534728,0,afterInitialize; beforeAddLiquidity; beforeRemoveLiquidity; beforeSwap; afterSwap; beforeSwapReturnDelta; afterSwapReturnDelta,beforeRemoveLiquidity; beforeSwapReturnDelta; afterSwapReturnDelta,WETH/QPULL 0.3%
BSC,pancakev4,0x21e000b808f6141aca9af77ce384d7a90484f2ef,1,137693.636093,10547.686577,70.669503,2.6761656557583247,0,,,USDT/ACT 0.9999%
Robinhood,uniswapv4,0xd405e0dff2d0cc7eaa48b3aec2e3f2456c072000,4,134686.87765,2335377.348642,7006.132092999999,271.2363306829436,0,beforeInitialize,,ETH/AGI 0.3%; ETH/CUM 0.3%; ETH/CABO 0.3%
Robinhood,uniswapv4,0xa11bdae367d2e1c97864de3b484166546762e0cc,1,134512.567257,60358.197624,181.074591,7.019230041662104,0,beforeInitialize; beforeSwap; afterSwap; beforeSwapReturnDelta; afterSwapReturnDelta,beforeSwapReturnDelta; afterSwapReturnDelta,WETH/DRILL 0.3%
Robinhood,uniswapv4,0xf28a89af20fabdb89af9d033bb0a98d17212c880,3,132522.459383,1226374.09431,5212.089936,205.07713350167006,0,beforeAddLiquidity; beforeSwap,,USDG/PHOOD3X 0.425%; PGME5X/USDG 0.425%; USDG/PSPCX3X 0.425%
Robinhood,uniswapv4,0x4cd934f0a308dea92cb0065fc239ffd1b96a4840,1,119874.66671,3183949.351325,1591.974672,69.24741496713426,0,beforeAddLiquidity; afterSwap,,ETH/PRLYR 0.05%
Robinhood,uniswapv4,0x11afe0130450df7127276e7af474eccdf4d420cc,1,116757.686947,252999.545699,2529.995453,112.98715735756255,0,beforeInitialize; beforeSwap; afterSwap; beforeSwapReturnDelta; afterSwapReturnDelta,beforeSwapReturnDelta; afterSwapReturnDelta,ETH/BUCKET 1%
Base,uniswapv4,0x2fd54aaf84023eda60bd65edb5914c1a306850cc,1,115993.959088,114979.548388,344.938643,15.506054389741688,0,afterInitialize; beforeSwap; afterSwap; beforeSwapReturnDelta; afterSwapReturnDelta,beforeSwapReturnDelta; afterSwapReturnDelta,ETH/SPARK 0.3%
Robinhood,uniswapv4,0xfa3da20ec661aa26f9f93e4421fab6989c4b4800,2,112988.6946,1067271.239909,9071.805542,418.65238117751096,0,beforeAddLiquidity,,USDG/PHOOD3X 0.85%; PBTC3X/USDG 0.85%
Robinhood,uniswapv4,0xff840e2076c5d4ba713f1859b473757b042bc0cc,1,111972.97316,69038.004438,690.380043,32.14917577029047,0,beforeSwap; afterSwap; beforeSwapReturnDelta; afterSwapReturnDelta,beforeSwapReturnDelta; afterSwapReturnDelta,ETH/ASH 1%
Optimism,uniswapv4,0x4e4ecde86fc904b6e7be363e0f4bf127fd7195d8,3,109810.630748,66432.485316,66.432509,3.1545040792798305,0,afterInitialize; afterAddLiquidity; afterRemoveLiquidity; beforeSwap; afterSwap; afterDonate; beforeSwapReturnDelta,beforeSwapReturnDelta,USDC/A3K 0.1%; WETH/A3K 0.1%; WBTC/A3K 0.1%
Base,uniswapv4,0x47ec48c74f3069e9ae69406197821996d80200cc,1,109428.135596,173372.29709,1733.722974,82.61245507492309,0,beforeSwap; afterSwap; beforeSwapReturnDelta; afterSwapReturnDelta,beforeSwapReturnDelta; afterSwapReturnDelta,ETH/STFY 1%
Robinhood,uniswapv4,0x9974e14cca792d64d68c1b453c19598b5efc40cc,1,104671.013814,316219.489612,3162.194913,157.5277353283595,0,beforeSwap; afterSwap; beforeSwapReturnDelta; afterSwapReturnDelta,beforeSwapReturnDelta; afterSwapReturnDelta,ETH/HIGGS 1%
Base,uniswapv4,0x03d2434d5a9ab7fb46bd3c7956a7c62e0cd46044,1,104159.805384,385990.290842,1157.970847,57.968530402025166,0,beforeInitialize; afterSwap; afterSwapReturnDelta,afterSwapReturnDelta,BSTONK/USDC 0.3%
Robinhood,uniswapv4,0xced7aa50727f3cd251985b09a2080db056a8c0cc,1,103460.803195,69131.373947,691.313731,34.841284818259204,0,beforeSwap; afterSwap; beforeSwapReturnDelta; afterSwapReturnDelta,beforeSwapReturnDelta; afterSwapReturnDelta,ETH/BACKED 1%
Robinhood,uniswapv4,0x368e99c34dc303ff8401db936854de8c7bb600cc,1,103399.26584,313657.913822,940.973748,47.452038772756985,0,beforeSwap; afterSwap; beforeSwapReturnDelta; afterSwapReturnDelta,beforeSwapReturnDelta; afterSwapReturnDelta,ETH/CUE 0.3%
Robinhood,uniswapv4,0xa5db6266a44f3d9e5af7015f9033354f6c3e0840,1,101914.320714,4306466.553889,2153.233236,110.16678738906285,0,beforeAddLiquidity; afterSwap,,ETH/SM 0.05%
Robinhood,uniswapv4,0xad8efa0e935aa03745dbe4e4b7b7b359c88540cc,1,100521.40604,55987.435256,559.874359,29.042021863153117,0,beforeSwap; afterSwap; beforeSwapReturnDelta; afterSwapReturnDelta,beforeSwapReturnDelta; afterSwapReturnDelta,ETH/XEET 1%
Robinhood,uniswapv4,0x48140bcd6e214daa232c506b4c0765aff4328840,1,97599.667875,2743052.839427,1371.526407,73.27412794011738,0,beforeAddLiquidity; afterSwap,,ETH/SECTORAL 0.05%
Ethereum,uniswapv4,0x0025040f0c0c0eba9daa45db1ad3d7748eeb0fc0,1,97199.718077,61214.560641,183.643688,9.851578562178249,0,beforeAddLiquidity; afterAddLiquidity; beforeRemoveLiquidity; afterRemoveLiquidity; beforeSwap; afterSwap,beforeRemoveLiquidity,GIVE/USDT 0.3%
Robinhood,uniswapv4,0xdd447866416ed1022c82b1e1d194ad50f4fa00cc,1,94838.255327,48824.140882,488.241411,26.84391657904333,0,beforeSwap; afterSwap; beforeSwapReturnDelta; afterSwapReturnDelta,beforeSwapReturnDelta; afterSwapReturnDelta,ETH/SOLBORN 1%
Robinhood,uniswapv4,0xf667c59cd75ab1d7943fc8284edab51f3a76bfff,1,92229.358855,684494.276073,5096.678733,288.1461981056044,0,beforeInitialize; afterInitialize; beforeAddLiquidity; afterAddLiquidity; beforeRemoveLiquidity; afterRemoveLiquidity; beforeSwap; afterSwap; beforeDonate; afterDonate; beforeSwapReturnDelta; afterSwapReturnDelta; afterAddLiquidityReturnDelta; afterRemoveLiquidityReturnDelta,beforeRemoveLiquidity; beforeSwapReturnDelta; afterSwapReturnDelta; afterAddLiquidityReturnDelta; afterRemoveLiquidityReturnDelta,ETH/TFEX 0.75%
Robinhood,uniswapv4,0x8140985a7c67a5c0b5c095792175a673978a80cc,1,89648.623875,52586.889253,525.868888,30.58642187423888,0,beforeSwap; afterSwap; beforeSwapReturnDelta; afterSwapReturnDelta,beforeSwapReturnDelta; afterSwapReturnDelta,ETH/BONER 1%
Robinhood,uniswapv4,0xb31780aad49d3cc7dd6e03e9e462606f0a5a30cc,1,89581.491538,21180.346397,49.293382,2.8692286002226015,0,beforeInitialize; afterInitialize; beforeSwap; afterSwap; beforeSwapReturnDelta; afterSwapReturnDelta,beforeSwapReturnDelta; afterSwapReturnDelta,ETH/SLEUTH 0.3505%
Robinhood,uniswapv4,0xcf82a68c87ae94e3434219f6bb4151051b692a80,1,83857.898901,37445.6919,374.45692,23.283738254359545,0,beforeInitialize; beforeAddLiquidity; beforeRemoveLiquidity; beforeSwap,beforeRemoveLiquidity,USDG/PVP 1%
BSC,pancakev4,0x56a78328a880c6d2b28482d9c481c0061c3d82c0,1,80569.599498,812844.677767,1218.454164,78.85565002733884,0,,,SNDKB/USDT 0.2237%
Robinhood,uniswapv4,0x694d7d6a553bc3e8db8a10ace52490d8d51400cc,1,80092.845025,171722.655715,1717.226572,111.79662777338615,0,beforeSwap; afterSwap; beforeSwapReturnDelta; afterSwapReturnDelta,beforeSwapReturnDelta; afterSwapReturnDelta,ETH/FOMO 1%
Robinhood,uniswapv4,0x92dcb430133fead93ebc5cac1c9558941f1040cc,1,79326.480741,188795.934775,1887.959331,124.09928282243388,0,beforeSwap; afterSwap; beforeSwapReturnDelta; afterSwapReturnDelta,beforeSwapReturnDelta; afterSwapReturnDelta,ETH/BACKERS 1%
Robinhood,uniswapv4,0x03498fc5536ac31ea210414ec23e16f94ffc00cc,1,78886.730121,26135.682946,261.356829,17.275265151634592,0,beforeSwap; afterSwap; beforeSwapReturnDelta; afterSwapReturnDelta,beforeSwapReturnDelta; afterSwapReturnDelta,ETH/SM 1%
Robinhood,uniswapv4,0x257b5cc67abb13b5ee315ebd8c6f53316bb640cc,1,74445.88654,301622.062971,904.866173,63.37799143112045,0,beforeSwap; afterSwap; beforeSwapReturnDelta; afterSwapReturnDelta,beforeSwapReturnDelta; afterSwapReturnDelta,ETH/MUSE AI 0.3%
Robinhood,uniswapv4,0x6c5b376ccdc811d6f7fc427efa89bcec062380cc,1,74368.083684,18954.875276,189.548758,13.290128399700071,0,beforeSwap; afterSwap; beforeSwapReturnDelta; afterSwapReturnDelta,beforeSwapReturnDelta; afterSwapReturnDelta,ETH/CLAUS 1%
Robinhood,uniswapv4,0xb9ab765b5436c76fe8eecc9c661a80e130ee00cc,1,74122.411023,37740.788363,377.407893,26.54949505511813,0,beforeSwap; afterSwap; beforeSwapReturnDelta; afterSwapReturnDelta,beforeSwapReturnDelta; afterSwapReturnDelta,ETH/XEET 1%
Robinhood,uniswapv4,0x0883bb8ee3d32ab4e224464db20fcec2ef5b00cc,1,73950.165463,316504.576568,949.513736,66.95097810998196,0,beforeSwap; afterSwap; beforeSwapReturnDelta; afterSwapReturnDelta,beforeSwapReturnDelta; afterSwapReturnDelta,ETH/MUSEFOMO 0.3%
Robinhood,uniswapv4,0x5d7ee63450c4232cbc2abcc9fee73e65bb6e0144,1,73317.183141,187898.975554,18.789888,1.3363285436513055,0,afterRemoveLiquidity; afterSwap; afterSwapReturnDelta,afterSwapReturnDelta,WETH/ORE 0.01%
Robinhood,uniswapv4,0x4423589dd8505135b40597621547d18c5bd12000,1,73090.695804,1004594.525259,25114.863171,1791.6927839893258,0,beforeInitialize,,USDG/BUCKET 2.5%
Robinhood,uniswapv4,0x1af6269a7e53422406ff2410b8ed5590f610aacc,1,72995.07937,442612.972524,2213.064884,158.08671911892148,0,beforeInitialize; beforeAddLiquidity; beforeRemoveLiquidity; beforeSwap; afterSwap; beforeSwapReturnDelta; afterSwapReturnDelta,beforeRemoveLiquidity; beforeSwapReturnDelta; afterSwapReturnDelta,WETH/PRM 0.5%
Robinhood,uniswapv4,0x91cfc04865f0561f711cb5970844559b0dc180cc,1,72773.67558,319657.242412,958.971721,68.71100717892702,0,beforeSwap; afterSwap; beforeSwapReturnDelta; afterSwapReturnDelta,beforeSwapReturnDelta; afterSwapReturnDelta,ETH/HUMANITY 0.3%
Robinhood,uniswapv4,0x92f6e65e9b2ca580bd8777bec08afe5fe4170840,1,72289.26515,3799855.500783,1899.927809,137.04339658296908,0,beforeAddLiquidity; afterSwap,,ETH/SPYDERNET 0.05%
Robinhood,uniswapv4,0xed7169c6e5c3e7113bdb1fc1875933836baf40cc,1,72175.42872,320937.605637,962.812832,69.55803774861971,0,beforeSwap; afterSwap; beforeSwapReturnDelta; afterSwapReturnDelta,beforeSwapReturnDelta; afterSwapReturnDelta,ETH/INFER 0.3%
Robinhood,uniswapv4,0xcd1418574c67b9f9188a72305eea107165c10144,1,71948.264604,229099.941322,22.909998,1.660349640720492,0,afterRemoveLiquidity; afterSwap; afterSwapReturnDelta,afterSwapReturnDelta,WETH/HENTAI 0.01%
Robinhood,uniswapv4,0xee8e9e49e7149897e3f437af2e02a8df0c0e40cc,1,71784.22555,315682.549824,947.047657,68.79195297862843,0,beforeSwap; afterSwap; beforeSwapReturnDelta; afterSwapReturnDelta,beforeSwapReturnDelta; afterSwapReturnDelta,ETH/UNO 0.3%
Robinhood,uniswapv4,0xb424c9ef4fbce94caacd1b62bc2e2a22f88680cc,1,71728.590362,326766.792324,980.300364,71.26260474264477,0,beforeSwap; afterSwap; beforeSwapReturnDelta; afterSwapReturnDelta,beforeSwapReturnDelta; afterSwapReturnDelta,ETH/INFER 0.3%
Robinhood,uniswapv4,0xf7b45294bb44a0264d2f27d99ffc5ffc21a180cc,1,71617.540128,308053.355413,924.160049,67.28567516563288,0,beforeSwap; afterSwap; beforeSwapReturnDelta; afterSwapReturnDelta,beforeSwapReturnDelta; afterSwapReturnDelta,ETH/ROCKET 0.3%
Robinhood,uniswapv4,0x0fa9b2d0d022aef5f4625a3bf62be20c9ffbc0cc,1,71517.648689,338749.984219,1016.249951,74.09384534838448,0,beforeSwap; afterSwap; beforeSwapReturnDelta; afterSwapReturnDelta,beforeSwapReturnDelta; afterSwapReturnDelta,ETH/GMP 0.3%
Robinhood,uniswapv4,0xc709dc9ba31bd4e2a24785d4e1556396b7b440cc,1,71461.608786,43099.168144,430.991681,31.447847360169646,0,beforeSwap; afterSwap; beforeSwapReturnDelta; afterSwapReturnDelta,beforeSwapReturnDelta; afterSwapReturnDelta,ETH/ASH 1%
Robinhood,uniswapv4,0x7fb3a24a4836e26b527f691fc22dd121736b40cc,1,71418.105142,315383.494582,946.15049,69.07910779433583,0,beforeSwap; afterSwap; beforeSwapReturnDelta; afterSwapReturnDelta,beforeSwapReturnDelta; afterSwapReturnDelta,ETH/STERLING 0.3%
Robinhood,uniswapv4,0xa58f58a6705c2f087192d3a1d26f8d02787480cc,1,71402.830812,314046.242648,942.138723,68.80092047259106,0,beforeSwap; afterSwap; beforeSwapReturnDelta; afterSwapReturnDelta,beforeSwapReturnDelta; afterSwapReturnDelta,ETH/TRUMPBALL 0.3%
Robinhood,uniswapv4,0x6c2ce5632ecd93a8228a5b5a429e1cb96a58c0cc,1,71183.308926,309130.846506,927.392556,67.93291614629422,0,beforeSwap; afterSwap; beforeSwapReturnDelta; afterSwapReturnDelta,beforeSwapReturnDelta; afterSwapReturnDelta,ETH/LOAN 0.3%
Robinhood,uniswapv4,0xc9d491b98a510af08fd49f883bd881b1dc2300cc,1,70735.479651,319150.07521,957.450229,70.57871206707378,0,beforeSwap; afterSwap; beforeSwapReturnDelta; afterSwapReturnDelta,beforeSwapReturnDelta; afterSwapReturnDelta,ETH/MUSECHESS 0.3%
Robinhood,uniswapv4,0x897a551d8d2869e99fb8a5a972d386d52755c0cc,1,70718.902766,315347.831048,946.043508,69.75420935445828,0,beforeSwap; afterSwap; beforeSwapReturnDelta; afterSwapReturnDelta,beforeSwapReturnDelta; afterSwapReturnDelta,ETH/ST4Y 0.3%
Robinhood,uniswapv4,0xe78781fa568e1dfb598968cc327fb6c0660340cc,1,70504.695165,311501.773785,934.505325,69.11281234062236,0,beforeSwap; afterSwap; beforeSwapReturnDelta; afterSwapReturnDelta,beforeSwapReturnDelta; afterSwapReturnDelta,ETH/SLM 0.3%
Robinhood,uniswapv4,0xb20f1a330f363adba5255a8650e3d36715ab0144,1,70175.401503,1645901.619045,164.590158,12.229643025765084,0,afterRemoveLiquidity; afterSwap; afterSwapReturnDelta,afterSwapReturnDelta,WETH/SM 0.01%
Base,uniswapv4,0x1b993c37768f78bcb03cfa1d7b08f43dbcd540c4,1,69743.795031,97824.353634,123.005296,9.19629850123872,69743.795031,beforeSwap; afterSwap; afterSwapReturnDelta,afterSwapReturnDelta,WETH/USDC 0.0801%
BSC,uniswapv4,0xfffff5962193fbdc458e81cac67437e426c708c0,1,69724.664399,170813.57681,319.50702,23.893996541400263,0,beforeAddLiquidity; beforeSwap; afterSwap,,BNB/USDT 0.1081%
Robinhood,uniswapv4,0x9b982a71b64203c65d44c448c57a8f5064ff00cc,1,69638.912214,311907.115727,935.721333,70.06310443535911,0,beforeSwap; afterSwap; beforeSwapReturnDelta; afterSwapReturnDelta,beforeSwapReturnDelta; afterSwapReturnDelta,ETH/GTAIFY 0.3%
Robinhood,uniswapv4,0x5ac9046eb5d0c0eac4055d77899cadb038bd80cc,1,69535.196404,313929.466833,941.788397,70.62256293669795,0,beforeSwap; afterSwap; beforeSwapReturnDelta; afterSwapReturnDelta,beforeSwapReturnDelta; afterSwapReturnDelta,ETH/REPTILIANS 0.3%
Robinhood,uniswapv4,0x134f058d6f05c6b5fe080ec8ae8a579eb15c80cc,1,69242.161013,319587.021607,958.761073,72.19956877744686,0,beforeSwap; afterSwap; beforeSwapReturnDelta; afterSwapReturnDelta,beforeSwapReturnDelta; afterSwapReturnDelta,ETH/ASTF 0.3%
Base,uniswapv4,0x6f9c9f7b059452345ecd69e77022fee3f3a440c4,1,69227.926296,100460.669122,108.343984,8.160528824516328,69227.926296,beforeSwap; afterSwap; afterSwapReturnDelta,afterSwapReturnDelta,WETH/USDC 0.031%
Robinhood,uniswapv4,0xa09a3f3ea69648d30e7d08e88964a498139500cc,1,69091.740583,305136.67422,915.41001,69.08509320478154,0,beforeSwap; afterSwap; beforeSwapReturnDelta; afterSwapReturnDelta,beforeSwapReturnDelta; afterSwapReturnDelta,ETH/RKS 0.3%
Robinhood,uniswapv4,0xf34dcbda6acacf7ffb773d6dc7c72c833883c0cc,1,69054.935219,321375.651632,964.126946,72.80049348163756,0,beforeSwap; afterSwap; beforeSwapReturnDelta; afterSwapReturnDelta,beforeSwapReturnDelta; afterSwapReturnDelta,ETH/SPECTER 0.3%
Robinhood,uniswapv4,0x7982ed6034290638bfe03031689bf9a807fbc0cc,1,68892.138587,319374.51695,958.123553,72.51814296081828,0,beforeSwap; afterSwap; beforeSwapReturnDelta; afterSwapReturnDelta,beforeSwapReturnDelta; afterSwapReturnDelta,ETH/FROGLET 0.3%
Robinhood,uniswapv4,0x6aaaf0af9ed44f28f632441e6579b2f2329fc840,1,68883.479172,2476171.582088,1238.085826,93.71961627332519,0,beforeAddLiquidity; afterSwap,,ETH/SI 0.05%
Robinhood,uniswapv4,0xd1a3859832e6906835a4042bd5bee9e66d4600cc,1,68865.42932,316262.723848,948.788183,71.83942244099553,0,beforeSwap; afterSwap; beforeSwapReturnDelta; afterSwapReturnDelta,beforeSwapReturnDelta; afterSwapReturnDelta,ETH/PILCOIN 0.3%
Robinhood,uniswapv4,0x53bd471e5c783a8c2bab01dc4363a468e941c840,1,68701.558801,3876398.766736,1938.199356,147.10474390693835,0,beforeAddLiquidity; afterSwap,,ETH/SI 0.05%
Robinhood,uniswapv4,0xdbe8e8cbd3a4327d54429afa55ae75c3071a80cc,1,68590.286526,320125.19563,960.375593,73.0084825207772,0,beforeSwap; afterSwap; beforeSwapReturnDelta; afterSwapReturnDelta,beforeSwapReturnDelta; afterSwapReturnDelta,ETH/SPARROWS 0.3%
Robinhood,uniswapv4,0x389561117357b7d76b68049bdc1d9529556840cc,1,68383.223622,298518.144594,895.554431,68.28687547315714,0,beforeSwap; afterSwap; beforeSwapReturnDelta; afterSwapReturnDelta,beforeSwapReturnDelta; afterSwapReturnDelta,ETH/HERMESHD 0.3%
Robinhood,uniswapv4,0x080c9f1aa72fc141722cd4e2f1d817d69ebc80cc,1,68260.972396,307043.249186,921.129749,70.36280795050229,0,beforeSwap; afterSwap; beforeSwapReturnDelta; afterSwapReturnDelta,beforeSwapReturnDelta; afterSwapReturnDelta,ETH/4CRAWLER 0.3%
Robinhood,uniswapv4,0x3091ecdbf9bb442e7f806b0bae1cccdcd84180cc,1,68235.643936,305948.600684,917.845801,70.13798026967049,0,beforeSwap; afterSwap; beforeSwapReturnDelta; afterSwapReturnDelta,beforeSwapReturnDelta; afterSwapReturnDelta,ETH/GPBOOM 0.3%
Robinhood,uniswapv4,0xf6dd0d8816b2b13a6487c7553f3c3fcae7e340cc,1,68104.735006,312270.460069,936.811378,71.72485415082176,0,beforeSwap; afterSwap; beforeSwapReturnDelta; afterSwapReturnDelta,beforeSwapReturnDelta; afterSwapReturnDelta,ETH/VILLAGE 0.3%
Base,uniswapv4,0x23ab2e6d4ab0c5f872567098671f1ffb46fd2500,1,66952.430664,192585.079232,577.755232,44.995839922377584,0,beforeInitialize; afterAddLiquidity; afterRemoveLiquidity,,ETH/TEL 0.3%
Ethereum,uniswapv4,0xfde6c74f995775bc1dc3549dce9a0a25032f48c4,1,65879.519966,84507.491251,198.567789,15.716404521987373,65879.519966,beforeAddLiquidity; beforeSwap; afterSwap; afterSwapReturnDelta,afterSwapReturnDelta,ETH/USDC 0.3%
Robinhood,uniswapv4,0xb914f955294799de4b891bd2ea8af628fa1c68cc,1,65640.418773,1014245.037236,260.166851,20.666904932331214,0,beforeInitialize; beforeAddLiquidity; beforeSwap; afterSwap; beforeSwapReturnDelta; afterSwapReturnDelta,beforeSwapReturnDelta; afterSwapReturnDelta,ETH/HOOKR 0.05%
Base,uniswapv4,0xdd5eeaff7bd481ad55db083062b13a3cdf0a68cc,1,65284.351679,1834.144837,18.34145,1.4649385075390038,0,beforeInitialize; beforeAddLiquidity; beforeSwap; afterSwap; beforeSwapReturnDelta; afterSwapReturnDelta,beforeSwapReturnDelta; afterSwapReturnDelta,WETH/QE 1%
Robinhood,uniswapv4,0x9961aa63d55ed386044641dedd69d01e02038840,1,64853.600681,2457787.324021,1228.89366,98.8041155530099,0,beforeAddLiquidity; afterSwap,,ETH/KICKERS 0.05%
Robinhood,uniswapv4,0x07188dcf6f0b2585d8b09ebe3ae016473e650144,1,64146.458076,277963.531619,27.796357,2.259487921259263,0,afterRemoveLiquidity; afterSwap; afterSwapReturnDelta,afterSwapReturnDelta,WETH/CORGI 0.01%
Robinhood,uniswapv4,0xed4b32249a657228207c0a429dd8668690afe0cc,1,62173.901746,89413.025999,268.239065,22.496177421145063,0,beforeInitialize; beforeSwap; afterSwap; beforeSwapReturnDelta; afterSwapReturnDelta,beforeSwapReturnDelta; afterSwapReturnDelta,ETH/GAZZ 0.3%
Ethereum,uniswapv4,0xad3cc8eb9d34abeb3b0ca9b98cbfd3837b7d40c8,1,61919.025821,29874.828943,298.748292,25.158001607553377,0,beforeSwap; afterSwap; beforeSwapReturnDelta,beforeSwapReturnDelta,ETH/SWING 1%
Robinhood,uniswapv4,0x920803f3bdb32c50e9a0546cbfec71a8bca98840,1,60769.938248,1516287.218801,758.143633,65.05153088679788,0,beforeAddLiquidity; afterSwap,,ETH/FOMOMCP 0.05%
Robinhood,uniswapv4,0xfc78145c332dd87e755385180bf4282bbe1c80cc,1,60347.116081,317991.447117,953.974338,82.42804437832456,0,beforeSwap; afterSwap; beforeSwapReturnDelta; afterSwapReturnDelta,beforeSwapReturnDelta; afterSwapReturnDelta,ETH/AGENTOS 0.3%
Robinhood,uniswapv4,0x9d0f57b40a2f5e798784f994d8c9d0a0621a00cc,1,59158.672342,314186.212471,942.558631,83.07776036770072,0,beforeSwap; afterSwap; beforeSwapReturnDelta; afterSwapReturnDelta,beforeSwapReturnDelta; afterSwapReturnDelta,ETH/DONKER 0.3%
Robinhood,uniswapv4,0x3ae6235df05ee9cd0681e74a5b034ba0909c80cc,1,58375.411934,307271.229052,921.813683,82.33946038675332,0,beforeSwap; afterSwap; beforeSwapReturnDelta; afterSwapReturnDelta,beforeSwapReturnDelta; afterSwapReturnDelta,ETH/MCAT 0.3%
Robinhood,uniswapv4,0x5c88cbba66f22e4cbec491c9453d719a4e390840,1,58149.543693,3963132.288321,1981.566148,177.68758619979306,0,beforeAddLiquidity; afterSwap,,ETH/MONDO 0.05%
Robinhood,uniswapv4,0x6075dc0fbd8cd57c14c3bcc6bc90a04b1cfe4840,1,56363.255281,1641936.458338,820.968226,75.94953256997785,0,beforeAddLiquidity; afterSwap,,ETH/BORRO 0.05%
Robinhood,uniswapv4,0xc2fccf30e21a2a607ecaf48acea9ea1d4930c0cc,1,55271.829258,315021.971594,945.065913,89.15651526950383,0,beforeSwap; afterSwap; beforeSwapReturnDelta; afterSwapReturnDelta,beforeSwapReturnDelta; afterSwapReturnDelta,ETH/1 0.3%
Polygon,uniswapv4,0xd77cc9230ded5b6591730032975453744532a500,1,55238.852117,658555.197474,1975.665603,186.49346492770766,0,beforeInitialize; afterAddLiquidity; afterRemoveLiquidity,,WETH/TEL 0.3%
Robinhood,uniswapv4,0x76c9087f44fb6d35a408b4ace81cd98f90024840,1,54970.634524,2899203.658186,1449.601809,137.50319728929728,0,beforeAddLiquidity; afterSwap,,ETH/MINDS 0.05%
Robinhood,uniswapv4,0x134ba7ee0ebf53f8784359e03db4316c35cbc0cc,1,54546.332209,313131.986386,939.395958,89.80033533856817,0,beforeSwap; afterSwap; beforeSwapReturnDelta; afterSwapReturnDelta,beforeSwapReturnDelta; afterSwapReturnDelta,ETH/GROWBLOCKS 0.3%
Robinhood,uniswapv4,0x2f50790a18464387a39a6f49eeffbecd33e300cc,1,54144.235335,310590.269515,931.77082,89.7329003845703,0,beforeSwap; afterSwap; beforeSwapReturnDelta; afterSwapReturnDelta,beforeSwapReturnDelta; afterSwapReturnDelta,ETH/JOOS 0.3%
Robinhood,uniswapv4,0xf991bd1aba9613e10480d6b221d7817b7b82a8cc,1,52905.112821,147600.214507,1470.386208,144.92009165159214,0,beforeInitialize; beforeAddLiquidity; beforeSwap; afterSwap; beforeSwapReturnDelta; afterSwapReturnDelta,beforeSwapReturnDelta; afterSwapReturnDelta,HOODS/USDG 0%
Robinhood,uniswapv4,0xb1a660b86c85561263de93cb9aa534c46a5d0044,1,52376.837767,9706.650607,87.359852,8.696959337486273,0,afterSwap; afterSwapReturnDelta,afterSwapReturnDelta,USDG/NOTHING 0.9%
Ethereum,uniswapv4,0x89964d94bc548a8faf4615f87434abc01d9d9040,1,51800.775497,64312.87962,192.938639,19.421276600959235,0,afterInitialize; afterSwap,,STKAAVE/AAVE 0.3%
Robinhood,uniswapv4,0xe92bde61abdb4c7bbcfc94554033a74998c928cc,1,51593.205849,54355.451799,3991.643811,403.4169026272615,0,beforeInitialize; beforeAddLiquidity; beforeSwap; afterSwap; beforeSwapReturnDelta; afterSwapReturnDelta,beforeSwapReturnDelta; afterSwapReturnDelta,WETH/LOOM 9.2969%
Robinhood,uniswapv4,0x6852ea410528ef0ebc27d4ebe891c09521ed4840,1,51516.575639,3780200.903349,1890.10044,191.3078189031675,0,beforeAddLiquidity; afterSwap,,ETH/MOCHI 0.05%
Base,uniswapv4,0x9ea932730a7787000042e34390b8e435dd839040,1,50748.235713,23815.135839,714.454077,73.40881185077278,0,afterInitialize; afterSwap,,WETH/SHX 3%
Robinhood,uniswapv4,0x983f276257e4c4129632d3f715f86902787240cc,1,48678.289128,313764.753189,941.294249,100.82887552999047,0,beforeSwap; afterSwap; beforeSwapReturnDelta; afterSwapReturnDelta,beforeSwapReturnDelta; afterSwapReturnDelta,ETH/SARD 0.3%
Robinhood,uniswapv4,0x142c4c47e235b471da3e7098dc59139c1f31a8cc,1,48614.994802,559998.338693,1679.995048,180.1907871128017,0,beforeInitialize; beforeAddLiquidity; beforeSwap; afterSwap; beforeSwapReturnDelta; afterSwapReturnDelta,beforeSwapReturnDelta; afterSwapReturnDelta,ETH/NEXT 0.3%
Robinhood,uniswapv4,0xb1659916f9ff85211656dab4967fc7a2b83600cc,1,48113.928445,40231.049868,402.310501,43.59988813778577,0,beforeSwap; afterSwap; beforeSwapReturnDelta; afterSwapReturnDelta,beforeSwapReturnDelta; afterSwapReturnDelta,ETH/BACKERS 1%
Base,uniswapv4,0xfad27bc5ef16a0a2aa3049953c25a48e8858b0c0,2,46228.407799,49593.022904,16.269169,1.8350641853997633,46228.407799,beforeInitialize; afterInitialize; beforeSwap; afterSwap,,EURC/USDC 0.01%; ETH/USDC 0%
Robinhood,uniswapv4,0xeda3a8f4047cba1b1c9327c896b4b9f1cb393acc,1,44523.207746,38499.047212,1924.952369,225.43864529300222,0,beforeInitialize; afterInitialize; beforeAddLiquidity; beforeRemoveLiquidity; beforeSwap; afterSwap; beforeSwapReturnDelta; afterSwapReturnDelta,beforeRemoveLiquidity; beforeSwapReturnDelta; afterSwapReturnDelta,ETH/V4RC 0%
Ethereum,uniswapv4,0x79722ad29f44bba56a9530d8879c32aca60580cc,1,42683.428978,52867.132665,528.671328,64.58345590190734,0,beforeSwap; afterSwap; beforeSwapReturnDelta; afterSwapReturnDelta,beforeSwapReturnDelta; afterSwapReturnDelta,ETH/XIMD 1%
Base,uniswapv4,0x9d11f9505ca92f4b6983c1285d1ac0aaff7ec0c0,2,41238.364107999994,238695.786662,106.24853399999999,13.434340206830012,41238.364107999994,beforeSwap; afterSwap,,USDC/CBBTC 0.045%; ETH/USDC 0.04%
Robinhood,uniswapv4,0xe3fa8fa0d0a3f59c9b08ea0fe36d654a506850cc,1,40652.977612,58032.282091,174.096849,22.330239160018973,0,afterInitialize; beforeSwap; afterSwap; beforeSwapReturnDelta; afterSwapReturnDelta,beforeSwapReturnDelta; afterSwapReturnDelta,ETH/FIRE 0.3%
Robinhood,uniswapv4,0xee588bcf2bd3e658f5160489f4199d1851bbf0cc,1,39199.100819,40914.870059,431.529126,57.40223908170255,0,beforeInitialize; afterInitialize; beforeSwap; afterSwap; beforeSwapReturnDelta; afterSwapReturnDelta,beforeSwapReturnDelta; afterSwapReturnDelta,ETH/OUTLAW 1.0547%
Ethereum,uniswapv4,0x087a47248847db968b5a1c8ef52140fe429ca840,1,37500.392658,24761.645038,247.616446,34.43011673971257,0,beforeInitialize; beforeAddLiquidity; afterSwap,,ETH/FWA 1%
Robinhood,uniswapv4,0x20f8b7ec9cc3bb5c739dedb15a8b4275f84b00c8,2,36504.996908,90261.484275,46.910529,6.700586821873721,0,beforeSwap; afterSwap; beforeSwapReturnDelta,beforeSwapReturnDelta,USDG/NVDA 0.035%; SPCX/USDG 0.035%
Robinhood,uniswapv4,0x60d31599d69cd9aa6644e6402857c5cbf7d7e0c4,1,36502.183771,135921.531125,450.565053,64.36258537169495,0,beforeInitialize; beforeSwap; afterSwap; afterSwapReturnDelta,afterSwapReturnDelta,USDG/COIN 0.3%
Base,uniswapv4,0x0507140088aa5b266d6b44eef02ad55cf1fb40c0,1,33713.995517,11150.302623,111.503023,17.24531936997503,0,beforeSwap; afterSwap,,USDC/STBU 1%
Robinhood,uniswapv4,0xeafa6ed9f61d11c82a84dc13e78a131b69a7e088,1,32086.364314,23608.721632,70.826174,11.509808455443391,0,beforeInitialize; beforeSwap; beforeSwapReturnDelta,beforeSwapReturnDelta,WETH/SZR 0.3%
BSC,pancakev4,0xd4f0a0a87b386aa3aa05fea2823cc99234084807,1,31058.17179,427112.656744,1066.500278,179.052302288046,0,,,BNB/NP 0.3726%
Robinhood,uniswapv4,0xf78aaed48bd64a08553fb4e4157072012f410144,1,30618.547084,2700.129235,0.270014,0.04598291809845116,0,afterRemoveLiquidity; afterSwap; afterSwapReturnDelta,afterSwapReturnDelta,WETH/VILLAGE 0.01%
Avalanche,uniswapv4,0x179278c7ecd2cfbc003d76985ba05f11ddc36acc,1,30372.282088,203971.531581,611.914589,105.05293907586713,0,beforeInitialize; beforeAddLiquidity; beforeRemoveLiquidity; beforeSwap; afterSwap; beforeSwapReturnDelta; afterSwapReturnDelta,beforeRemoveLiquidity; beforeSwapReturnDelta; afterSwapReturnDelta,AVAX/HOOK 0.3%
Robinhood,uniswapv4,0x832f9d9d99e1ceec121724d3f04e9959200c8840,1,30045.544779,47255.240803,23.627621,4.100480372350154,0,beforeAddLiquidity; afterSwap,,ETH/HALLOWHALE 0.05%
Robinhood,uniswapv4,0x8526171645365821d0630f20bbe35284a3d1a040,1,29634.803225,40383.438924,403.834393,71.05523496713357,0,beforeInitialize; afterSwap,,ETH/ZODSCC 1%
Robinhood,uniswapv4,0x105f6435a4ab3c03c13d4a0db67961344694d0cc,1,28895.953255,144981.00939,434.943049,78.48563800317415,0,afterInitialize; beforeSwap; afterSwap; beforeSwapReturnDelta; afterSwapReturnDelta,beforeSwapReturnDelta; afterSwapReturnDelta,ETH/BLOB 0.3%
Robinhood,uniswapv4,0xd0e428c6e2f74a245ea14500e9edb805c5480840,1,28437.686417,57599.908114,28.799958,5.280711214315116,0,beforeAddLiquidity; afterSwap,,ETH/HAALAND 0.05%
Ethereum,uniswapv4,0x6c118313fe865fedf3705b969f171114369580cc,1,28432.761426,42881.56432,428.815646,78.64052539600837,0,beforeSwap; afterSwap; beforeSwapReturnDelta; afterSwapReturnDelta,beforeSwapReturnDelta; afterSwapReturnDelta,ETH/EVMA 1%
Ethereum,uniswapv4,0x6c24d0bcc264ef6a740754a11ca579b9d225e8cc,1,27917.861646,1930.254367,191.095183,35.69130384770997,0,beforeInitialize; beforeAddLiquidity; beforeSwap; afterSwap; beforeSwapReturnDelta; afterSwapReturnDelta,beforeSwapReturnDelta; afterSwapReturnDelta,CLAUS/WETH 9.9%
Robinhood,uniswapv4,0xa59d2a582db5b361b4eef1dd39a91efe15108040,1,26587.574901,7948.750637,39.743757,7.7944417694653465,0,afterSwap,,USDG/KINDRA 0.5%
Robinhood,uniswapv4,0x8af95932ec4484fb10c641a4cbcf19a798cb2080,1,26569.973339,135600.367528,178.624547,35.054586309114896,0,beforeInitialize; beforeSwap,,USDG/META 0.1214%
Robinhood,uniswapv4,0xdf62b0884e37c77f35333bdc2f6eb13d77026800,2,26332.658879000002,176917.528211,516.387471,102.2529409371091,14221.583634,beforeInitialize; beforeAddLiquidity,,WETH/USDG 0.29%; USDG/NVDA 0.3%
Ethereum,uniswapv4,0x5cc13033a3d7be498df43a68f951a931707fa044,1,26195.274241,137987.98717,413.963955,82.40136434255223,0,beforeInitialize; afterSwap; afterSwapReturnDelta,afterSwapReturnDelta,ETH/PAY 0.3%
Robinhood,uniswapv4,0xfb2a13e978d88eebc75227c0857b8b65772940c0,1,26134.96182,32208.932327,368.838862,73.58844532645274,0,beforeSwap; afterSwap,,WETH/EQUI 1.05%
Arbitrum,uniswapv4,0xd73339564ac99f3e09b0ebc80603ff8b796500c0,1,24865.395051,45075.124421,45.075134,9.452278027501599,24865.395051,beforeSwap; afterSwap,,ETH/USDC 0.1%
Robinhood,uniswapv4,0x334169ead82242757d0b22987e1a2136c0d98840,1,22516.967633,76261.466717,38.130731,8.829986753508578,0,beforeAddLiquidity; afterSwap,,ETH/GIRLS 0.05%
Base,uniswapv4,0x16c0a78b6fbbc4ee56074954ba9193d1f31e90c0,1,21569.577421,83098.950502,132.123245,31.939816690976762,21569.577421,afterInitialize; beforeSwap; afterSwap,,USDC/CBBTC 0.1068%
Robinhood,uniswapv4,0xc9211d96bedda686e9374d4d29da61ed848920c4,1,21267.018739,10876.094032,543.804701,133.33100979432558,0,beforeInitialize; beforeSwap; afterSwap; afterSwapReturnDelta,afterSwapReturnDelta,USDG/DEAL 1%
Base,uniswapv4,0xe7e91726b1c9493bf4ead12a7e98d1077633a8c0,1,20805.075631,2140.981576,21.409816,5.365849165573058,0,beforeInitialize; beforeAddLiquidity; beforeSwap; afterSwap,,ETH/KING 1%
Base,uniswapv4,0x216317cb06e08d8f1429852d158b2fc904a85080,1,20460.875143,32552.223747,976.566713,248.8699933436106,0,afterInitialize; beforeSwap,,REI/USDC 0%
Robinhood,uniswapv4,0x6903396de0e1f8dca3db14baa406f269b08d4144,1,20398.785525,1566200.71741,156.620092,40.03482988165367,0,afterRemoveLiquidity; afterSwap; afterSwapReturnDelta,afterSwapReturnDelta,WETH/GRAPHITEBOOM 0.01%
Robinhood,uniswapv4,0xca89f079af00f752bfd3c345358dc38d4d73e080,1,20004.935469,307788.65968,623.583333,162.53697343674102,0,beforeInitialize; beforeSwap,,ETH/AMC 0.2%
Robinhood,uniswapv4,0x7e56df2e953a178b55f0b0f1a447516de4168840,1,19950.672269,32853.478527,16.426738,4.293274137874832,0,beforeAddLiquidity; afterSwap,,ETH/MRBEAST 0.05%
Robinhood,uniswapv4,0x075e528fbf5df06caec4642d9baf6bc99516a0cc,1,19777.958618,10183.810507,1.018383,0.26848776616099546,0,beforeInitialize; beforeSwap; afterSwap; beforeSwapReturnDelta; afterSwapReturnDelta,beforeSwapReturnDelta; afterSwapReturnDelta,ETH/RFLX 0.01%
Ethereum,uniswapv4,0xbf9828455cdc5f02771536e3ecb3c0f931eabec4,1,19448.886945,22809.926706,15.311782,4.105119556128776,0,beforeInitialize; afterInitialize; beforeAddLiquidity; afterAddLiquidity; beforeRemoveLiquidity; beforeSwap; afterSwap; afterSwapReturnDelta,beforeRemoveLiquidity; afterSwapReturnDelta,EURC/ZCHF 0.0706%
Ethereum,uniswapv4,0xefa51b682deee8578a26c54222ec39fb791bd0c0,1,19267.533631,79589.874314,122.793589,33.23107509195719,19267.533631,afterInitialize; beforeSwap; afterSwap,,TBTC/DAI 0.29%
Ethereum,uniswapv4,0xad3f7a661fd35af584598755e2799254fcec60cc,1,17889.991927,3975.55885,11.926676,3.4761947651780116,0,beforeInitialize; beforeSwap; afterSwap; beforeSwapReturnDelta; afterSwapReturnDelta,beforeSwapReturnDelta; afterSwapReturnDelta,ETH/ORB 0.3%
Robinhood,uniswapv4,0x73dfd2aec79c0e8990906628c1718f878f8ec0c8,1,17151.226563,35280.929843,63.957514,19.444250843893922,0,beforeSwap; afterSwap; beforeSwapReturnDelta,beforeSwapReturnDelta,USDG/INTC 0.1313%
Robinhood,uniswapv4,0x0ac219e41100999b711e432cc9539c4a0da4c880,1,15162.68914,37029.349237,111.088043,38.20198319009111,0,beforeAddLiquidity; beforeSwap,,ETH/QUAD 0.3%
Robinhood,uniswapv4,0xd2f759a1cf13c30127c551c3aee04629aea200c0,1,15154.904189,48126.502537,481.265018,165.5868804478693,0,beforeSwap; afterSwap,,WETH/ZKHOOD 1%
Robinhood,uniswapv4,0x4bfe12797a92acdbd89bb6a119532163ba9a6080,1,12881.411469,59746.736085,98.899258,40.033577794164714,12881.411469,beforeInitialize; beforeSwap,,WETH/USDG 0.423%
Ethereum,uniswapv4,0xdca17c9e4696f87a39ed747d01653790d4e8e840,1,12804.510478,50356.953922,503.569536,205.06488258381398,0,beforeInitialize; beforeAddLiquidity; afterSwap,,ETH/SROCK 1%
Robinhood,uniswapv4,0xcb787a5cdea8b3715d984d82f1203fd7bfebe0c4,1,12716.698285,598256.443796,464.271958,190.36754540275368,12716.698285,beforeInitialize; beforeSwap; afterSwap; afterSwapReturnDelta,afterSwapReturnDelta,ETH/USDG 0.045%
Base,uniswapv4,0x9abcca2ee3dfbfb79c9c8ef11c77655dca1365cf,1,11369.147534,12640.13842,2.022424,0.9275538504440847,11369.147534,beforeInitialize; afterAddLiquidity; afterRemoveLiquidity; beforeSwap; afterSwap; beforeSwapReturnDelta; afterSwapReturnDelta; afterAddLiquidityReturnDelta; afterRemoveLiquidityReturnDelta,beforeSwapReturnDelta; afterSwapReturnDelta; afterAddLiquidityReturnDelta; afterRemoveLiquidityReturnDelta,ETH/CBBTC 0.016%
Base,uniswapv4,0xbbf0b679aee2d9e158730280a29e31e3875065c7,1,10943.348066,5969.637907,534.209327,254.54002243323015,0,beforeInitialize; afterAddLiquidity; afterRemoveLiquidity; beforeSwap; afterSwap; afterSwapReturnDelta; afterAddLiquidityReturnDelta; afterRemoveLiquidityReturnDelta,afterSwapReturnDelta; afterAddLiquidityReturnDelta; afterRemoveLiquidityReturnDelta,ETH/NVDAC 0%
Robinhood,uniswapv4,0xac4ee3b6f95685092567e1482f462d9991da80cc,1,10579.841842,6767.919283,20.303757,10.006727099751721,0,beforeSwap; afterSwap; beforeSwapReturnDelta; afterSwapReturnDelta,beforeSwapReturnDelta; afterSwapReturnDelta,ETH/MINR 0.3%
Robinhood,uniswapv4,0xa4e6f5500e88691fdcb289aa0e99067481434880,1,10528.110558,336139.512802,471.678686,233.60957510785073,0,beforeAddLiquidity; beforeSwap,,USDG/CRCL 0.5475%
