chain,pair,fee_pct,hook,hook_name,flags,tvl,width_pct,hook_pos_apr_7d,hook_pos_apr_30d,plain_pool,plain_pos_apr_7d,plain_pos_apr_30d
Robinhood,ETH/USDG,0.07,0x06a889870c8f83640d6816319f72e2aa579b6080,,beforeInitialize; beforeSwap,28268931.476164,20.0,17.481195092057348,15.323469149014052,ETH/USDG 0.0577% ($0.8M),22.014945163458716,36.647911303036665
Ethereum,USDC/USDG,0.01,0x0000113dcf4add69999fad8f20f2b63f979bfcc0,StablePairHook,beforeInitialize; afterInitialize; beforeAddLiquidity; afterAddLiquidity; beforeSwap; afterSwap,3859523.489177,0.1,0.6735260858062218,0.47331985110866237,USDC/USDG 0.0082% ($0.2M),1.3571169357156658,3.2894402002948535
Ethereum,USDC/USDT,0.0015,0x0000113dcf4add69999fad8f20f2b63f979bfcc0,StablePairHook,beforeInitialize; afterInitialize; beforeAddLiquidity; afterAddLiquidity; beforeSwap; afterSwap,3850962.743592,0.1,3.4068946611943303,3.3845814995226604,USDC/USDT 0.0012% ($5.9M),0.6258637526210896,0.5594825762250493
Ethereum,USDC/WETH,0.025,0x0000000aa232009084bd71a5797d089aa4edfad4,Angstrom,beforeInitialize; afterInitialize; beforeAddLiquidity; beforeRemoveLiquidity; beforeSwap; afterSwap; afterDonate; afterSwapReturnDelta,3330328.092293,20.0,2.0020098565576223,3.4261283310728134,ETH/USDC 0.3499% ($37.5M),15.291683722835883,22.377179197239382
Ethereum,WETH/USDT,0.0,0x0000000aa232009084bd71a5797d089aa4edfad4,Angstrom,beforeInitialize; afterInitialize; beforeAddLiquidity; beforeRemoveLiquidity; beforeSwap; afterSwap; afterDonate; afterSwapReturnDelta,2299730.6592,20.0,2.0581617752051526,3.598387614906477,ETH/USDT 0.3499% ($30.9M),12.913051307386555,18.300392200750405
BSC,USDT/USDC,0.04,0x1e9c64cad39ddd36fb808e004067cffc710eb71d,,,1036981.116352,0.1,0.2728736841838078,0.3381309434099544,USDT/USDC 0.0003% ($0.5M),1.2734362973125368,1.4705271857572293
Base,USDC/CBBTC,0.3,0x5cd525c621afca515bf58631d4733fba7b72aae4,VerifiedPoolsBasicHook,beforeInitialize; beforeAddLiquidity; beforeRemoveLiquidity; beforeSwap; afterSwap; beforeDonate; afterSwapReturnDelta,660272.924712,20.0,7.430908032210512,7.167493629667774,USDC/CBBTC 0.0625% ($3.3M),13.082322398563234,14.218333456989917
Ethereum,ETH/USDC,0.0426,0x47f1c7c7d5bd2039d9d3a997d91569869edf1080,MyNewHook,afterInitialize; beforeSwap,453922.820605,20.0,5.035756350372173,4.501833422969467,ETH/USDC 0.3499% ($37.5M),15.291683722835883,22.377179197239382
Base,ETH/USDC,0.009,0x4440854b2d02c57a0dc5c58b7a884562d875c0c4,UniswapV4KEMHook,beforeSwap; afterSwap; afterSwapReturnDelta,365557.436046,20.0,4.293750918602042,4.734247745810313,ETH/USDC 0.3499% ($4.6M),16.988175695880443,39.792320525543424
Arbitrum,USDC/USD₮0,0.0001,0x4440854b2d02c57a0dc5c58b7a884562d875c0c4,UniswapV4KEMHook,beforeSwap; afterSwap; afterSwapReturnDelta,333356.771881,0.1,0.034237236769772306,0.025179268743665918,USDC/USD₮0 0.001% ($0.6M),2.5456788418933054,2.8774427741182205
Arbitrum,WBTC/CBBTC,0.005,0x4440854b2d02c57a0dc5c58b7a884562d875c0c4,UniswapV4KEMHook,beforeSwap; afterSwap; afterSwapReturnDelta,257945.831159,0.1,1.951903190316422,2.9435552479749965,WBTC/CBBTC 0.0048% ($0.5M),1.3814725399056305,2.9578737119529137
BSC,USDT/USDC,0.0001,0x2f9d16d355318774ccef7dbacbc0214a562925d6,,,250266.473342,0.1,0.06624091631578091,0.031882899482230616,USDT/USDC 0.0003% ($0.5M),1.2734362973125368,1.4705271857572293
Robinhood,ETH/USDG,0.0025,0x4445520306c9c70952bdfec28f3989f53d9f80c4,,beforeSwap; afterSwap; afterSwapReturnDelta,181638.394736,20.0,1.7780681704529115,3.0709919075440606,ETH/USDG 0.0577% ($0.8M),22.014945163458716,36.647911303036665
BSC,USDT/BTCB,0.1492,0x6adc560af85377f9a73d17c658d798c9b39186e8,,,143665.333088,20.0,5.990592166791366,4.92913198390801,USDT/BTCB 0.0625% ($0.6M),4.392584125832967,43.1725190164851
Base,EURC/USDC,0.02,0x5cd525c621afca515bf58631d4733fba7b72aae4,VerifiedPoolsBasicHook,beforeInitialize; beforeAddLiquidity; beforeRemoveLiquidity; beforeSwap; afterSwap; beforeDonate; afterSwapReturnDelta,113320.015449,0.1,1.013835622045155,0.4942772696713113,USDC/OUSD 0.0125% ($10.0M),0.022627173880612958,0.005279673905476357
Robinhood,WETH/USDG,0.01,0x64e9ae1066c47ac4a3cc0a5bd7b135908590e088,,beforeInitialize; beforeSwap; beforeSwapReturnDelta,101686.016429,20.0,6.8016311222421715,12.898616417810182,ETH/USDG 0.0577% ($0.8M),22.014945163458716,36.647911303036665
Robinhood,USDG/CBBTC,0.12,0x08e52564bad99e05a694b4809f397edca417a080,,beforeInitialize; beforeSwap,82816.72208,20.0,48.0355363905565,12.130122048595908,USDG/CBBTC 0.1762% ($0.7M),13.159553680297654,41.2533773985964
BSC,USDT/USDC,0.0002,0x44428c6ce391915d51f963c0dd395cd0f95fdfd2,,,82160.486119,0.1,0.10444115023726624,0.0403209180561358,USDT/USDC 0.0003% ($0.5M),1.2734362973125368,1.4705271857572293
Base,ETH/USDC,0.15,0x5cd525c621afca515bf58631d4733fba7b72aae4,VerifiedPoolsBasicHook,beforeInitialize; beforeAddLiquidity; beforeRemoveLiquidity; beforeSwap; afterSwap; beforeDonate; afterSwapReturnDelta,80630.503521,20.0,2.7392314620437412,4.492838479755382,ETH/USDC 0.3499% ($4.6M),16.988175695880443,39.792320525543424
Robinhood,ETH/CBBTC,0.02,0x64e9ae1066c47ac4a3cc0a5bd7b135908590e088,,beforeInitialize; beforeSwap; beforeSwapReturnDelta,78729.978734,20.0,1.1034479323888426,10.212521543765336,ETH/CBBTC 0.2899% ($0.1M),3.9152312014149295,8.337603193134578
Base,WETH/USDC,0.0801,0x1b993c37768f78bcb03cfa1d7b08f43dbcd540c4,PushBaseDynamicFeeHook,beforeSwap; afterSwap; afterSwapReturnDelta,69743.795031,20.0,7.457195675518266,1.7400123242875951,ETH/USDC 0.3499% ($4.6M),16.988175695880443,39.792320525543424
Base,WETH/USDC,0.031,0x6f9c9f7b059452345ecd69e77022fee3f3a440c4,PushBaseDynamicFeeHook,beforeSwap; afterSwap; afterSwapReturnDelta,69227.926296,20.0,6.597383414562777,1.5393894633979812,ETH/USDC 0.3499% ($4.6M),16.988175695880443,39.792320525543424
Ethereum,ETH/USDC,0.3,0xfde6c74f995775bc1dc3549dce9a0a25032f48c4,AdaptivePoolPolicyHookV1,beforeAddLiquidity; beforeSwap; afterSwap; afterSwapReturnDelta,65879.519966,20.0,5.197530422490856,2.7333776483213508,ETH/USDC 0.3499% ($37.5M),15.291683722835883,22.377179197239382
