strategy,score,worst,growth_mean,vs_hold_mean,06.10.25–05.01.26 (-48%): рост,06.10.25–05.01.26 (-48%): к доле,05.01.26–07.04.26 (-54%): рост,05.01.26–07.04.26 (-54%): к доле,07.04.26–07.07.26 (-15%): рост,07.04.26–07.07.26 (-15%): к доле,07.07.26–06.10.26 (+62%): рост,07.07.26–06.10.26 (+62%): к доле,рывок ×2: рост,рывок ×2: к доле,сценарий ×2: рост,сценарий ×2: к доле,сценарий ×1: рост,сценарий ×1: к доле,сценарий ×0.5: рост,сценарий ×0.5: к доле
"±3% cetus_005 180м | SUI +15%/72ч, назад −10% | USDC −20%/72ч, назад +10%",0.39499627257407954,-0.15712314393632817,0.4508589315087805,0.33338381153852853,-0.3160313509950172,-0.08054703071290603,-0.4270430912707196,-0.15712314393632817,0.672879182751817,0.7488188031466104,1.3085996119462782,1.009789320040217,1.326448233728001,0.8391061610875874,0.9386719031936811,0.4513298305532807,0.2941782069210235,0.2948095034721312,-0.19083124420482028,0.053786736942043945
"±3% cetus_005 180м | SUI +15%/72ч, назад −10%",0.3919541624441015,-0.16252025743997286,0.4478168213788025,0.33034170140855024,-0.38741353062377437,-0.15192921034166318,-0.4324402047743643,-0.16252025743997286,0.6769778661854704,0.7529174865802638,1.3085996119462782,1.009789320040217,1.326448233728001,0.8391061610875874,0.9386719031936811,0.4513298305532807,0.30404094930809267,0.3046722458591987,-0.15235025793296453,0.0922677232139
"±3% cetus_005 180м | SUI +15%/72ч, назад −10% | USDC −15%/72ч, назад +10%",0.3919530242160397,-0.05169874428825267,0.44781568315074205,0.3303405631804872,-0.16925941723594928,0.06622490304616192,-0.3216186916226441,-0.05169874428825267,0.5077549339994585,0.5836945543942518,1.2284250956385092,0.9296148037324482,1.326448233728001,0.8391061610875874,0.8689189941242653,0.38157692148385364,0.25455849942632036,0.2551897959774274,-0.1127021828520246,0.13191579829484013
"±3% cetus_005 180м | SUI +20%/72ч, назад −10%",0.37772638264013436,-0.12883555565774862,0.4335890415748391,0.3161139216045793,-0.25198511090398146,-0.01650079062187018,-0.39875550299214,-0.12883555565774862,0.9759844788465433,1.0519240992413366,1.0591831247920611,0.7603728328859998,1.049521540887067,0.5621794682466538,0.8996268163520627,0.412284743711639,0.2976203853072519,0.2982516818583536,-0.16248339969015207,0.08213458145671104
"±3% cetus_005 30м | SUI +15%/72ч, назад −15% | USDC −20%/72ч, назад +10%",0.32457624496666837,-0.08784641377601275,0.38043890390137003,0.26296378393111647,-0.13955207932849223,0.09593224095361905,-0.35776636111040416,-0.08784641377601275,0.5283501265602475,0.604289746955041,1.068517811589329,0.7697075196832679,1.0500473144183342,0.5627052417779206,0.8664576436380728,0.37911557099766524,0.21605035806004957,0.21668165461115962,-0.18859358261617643,0.056024398530686165
"±3% cetus_005 180м | SUI +20%/72ч, назад −10% | USDC −20%/72ч, назад +10%",0.32255679154116135,-0.137763419847453,0.3784194504758659,0.26094433050560645,-0.3732477401295643,-0.137763419847453,-0.3674755956764828,-0.09755564834209139,0.6703514399981894,0.7462910603929827,1.0591831247920611,0.7603728328859998,1.049521540887067,0.5621794682466538,0.8996268163520627,0.412284743711639,0.2776024863901235,0.2782337829412268,-0.18820646880652953,0.05641151234033331
"±5% cetus_005 180м | SUI +15%/72ч, назад −10% | USDC −15%/72ч, назад +10%",0.31993170534295734,0.020783953049481597,0.37625680109808946,0.25878168112783007,-0.062086552029347764,0.17608622735966917,-0.24417056544637705,0.020783953049481597,0.21277695332256963,0.287386299814293,1.0612490957915295,0.7622027191839351,1.217144205199224,0.7298978623276685,0.8345831797194943,0.34733683684792693,0.17269987162365708,0.17333126382257147,-0.18214177939603404,0.062428480338112845
"±3% cetus_005 30м | SUI +15%/72ч, назад −10% | USDC −15%/72ч, назад +10%",0.3181884287819968,-0.04635158426829804,0.3740510877166996,0.2565759677464438,0.04867970547749767,0.28416402575960903,-0.3162715316026895,-0.04635158426829804,0.482504911206624,0.5584445316014173,0.779648269785544,0.480837977879483,1.015947111439059,0.5286050387986455,0.8486276147240823,0.3612855420836685,0.23698086397714646,0.23761216052825246,-0.10370824327366718,0.14090973787319705
"±3% cetus_005 30м | SUI +15%/72ч, назад −10% | USDC −20%/72ч, назад +10%",0.3124981863134064,-0.13979939324172436,0.3683608452481102,0.2508857252778523,-0.03119804595000142,0.20428627433210977,-0.4097193405761158,-0.13979939324172436,0.539119653839117,0.6150592742339104,0.8100942966201137,0.5112840047140526,1.015947111439059,0.5286050387986455,0.9133758103665665,0.4260337377261446,0.2670761149310933,0.26770741148219934,-0.15780883868495088,0.08680914246191335
"±3% cetus_005 30м | SUI +15%/72ч, назад −15% | USDC −15%/72ч, назад +10%",0.3091641232413233,0.013500428547021527,0.36502678217602685,0.24755166220576952,-0.14707985810704005,0.08840446217507121,-0.2564195187873699,0.013500428547021527,0.372687982411227,0.4486276028060205,1.053485552956385,0.7546752610503239,1.0500473144183342,0.5627052417779206,0.805387315755084,0.3180452431146662,0.1902906809422782,0.1909219774933824,-0.1481852121806837,0.09643276896618026
"±3% cetus_005 180м | SUI +20%/72ч, назад −10% | USDC −15%/72ч, назад +10%",0.3050051112111729,-0.00038539766674617227,0.3608677701458754,0.2433926501756201,-0.23586971794885736,-0.00038539766674617227,-0.2509891183691155,0.01893082896527588,0.5054760104979499,0.5814156308927433,0.9876001401046581,0.6887898481985971,1.049521540887067,0.5621794682466538,0.7914856082258658,0.304143535585454,0.17151941696528838,0.17215071351639366,-0.13180171919585298,0.11281626195101169
"±3% cetus_005 180м | SUI +15%/72ч, назад −15% | USDC −20%/72ч, назад +10%",0.30134914262723494,-0.08401857079664367,0.35721180156193666,0.23973668159168296,-0.3048967683620498,-0.06941244807993854,-0.35393851813103505,-0.08401857079664367,0.561040295786251,0.6369799161810444,0.9298275138546139,0.6310172219485528,1.1509556016135734,0.6636135289731601,0.860449909982648,0.3731078373422443,0.2336275232814542,0.23425881983255828,-0.21937114552996234,0.02524683561690182
"±3% cetus_005 180м | SUI +15%/72ч, назад −15% | USDC −15%/72ч, назад +10%",0.29998399676787474,-0.01540371084514277,0.355846655702577,0.23837153573232214,-0.250888031127254,-0.01540371084514277,-0.23533400387412173,0.034585943460269705,0.37188298808215015,0.4478226084769436,0.9727860935732497,0.6739758016671885,1.1509556016135734,0.6636135289731601,0.8228160245665407,0.3354739519261283,0.15560858130289856,0.1562398778540061,-0.14105400851642047,0.10356397263044435
"±5% cetus_005 180м | SUI +15%/72ч, назад −10% | USDC −20%/72ч, назад +10%",0.29148600032700617,-0.10266373101600536,0.3478110960821364,0.2303359761118809,-0.24180769563335536,-0.003634916244338342,-0.36761824951186395,-0.10266373101600536,0.25148804983255246,0.32609739632427576,1.089179478081137,0.7901331014735424,1.217144205199224,0.7298978623276685,0.8613711943426322,0.3741248514710811,0.2033979149374826,0.20402930713639592,-0.2306661285907179,0.01390413114342941
"±5% cetus_005 30м | SUI +15%/72ч, назад −10% | USDC −15%/72ч, назад +10%",0.29123707357661743,-0.03463226789935504,0.3475621693317476,0.2300870493614921,-0.11903330101916021,0.11913947836985671,-0.29958678639521363,-0.03463226789935504,0.23951891904013212,0.3141282655318554,0.9263937306996461,0.6273473540920517,1.1783247718005776,0.6910784289290223,0.8326112079023061,0.34536486503075053,0.18347419387118624,0.18410558607010252,-0.16120538124549344,0.08336487848865537
"±5% cetus_005 30м | SUI +15%/72ч, назад −10% | USDC −20%/72ч, назад +10%",0.2897577158103266,-0.13979644802849087,0.346082811565457,0.22860769159520114,-0.22972858252019934,0.008444196868817642,-0.4047509665243495,-0.13979644802849087,0.2567175699719655,0.33132691646368867,1.038982940350376,0.7399365637427815,1.1783247718005776,0.6910784289290223,0.8888690847119637,0.40162274184041225,0.2512265705794524,0.2518579627783635,-0.21097889584613044,0.033591363888018075
"±3% cetus_005 30м | SUI +15%/72ч, назад −10%",0.28867998289273744,-0.13701630483959681,0.3445426418274418,0.22706752185718268,-0.11664519159462072,0.1188391286874905,-0.4069362521739882,-0.13701630483959681,0.3952967325937533,0.47123635298854666,0.8100942966201137,0.5112840047140526,1.015947111439059,0.5286050387986455,0.9133758103665665,0.4260337377261446,0.29873895905451364,0.2993702556056151,-0.15353033168586266,0.09108764946100137
"±3% cetus_005 30м | SUI +15%/72ч, назад −15%",0.28421614382719956,-0.08482807418560341,0.34007880276190144,0.2226036827916475,-0.2584390816809323,-0.02295476139882112,-0.35474802151999485,-0.08482807418560341,0.2924114752590419,0.36835109565383517,1.068517811589329,0.7697075196832679,1.0500473144183342,0.5627052417779206,0.8664576436380728,0.37911557099766524,0.2328562488348601,0.23348754538596672,-0.17647296844349908,0.06814501270336557
"±5% cetus_005 30м | SUI +15%/72ч, назад −10%",0.28339284570621015,-0.16661929844362688,0.3397179414613395,0.22224282149108573,-0.2565571627699258,-0.018384383380908816,-0.4315738169394855,-0.16661929844362688,0.22528368654363895,0.2998930330353623,1.038982940350376,0.7399365637427815,1.1783247718005776,0.6910784289290223,0.8888690847119637,0.40162274184041225,0.28281696856899297,0.28344836076791136,-0.20840294057542214,0.036167319158727056
"±3% cetus_005 180м | SUI +15%/72ч, назад −15%",0.2781643746454978,-0.1723769727238463,0.334027033580199,0.21655191360994644,-0.4078612930059575,-0.1723769727238463,-0.3600103765208016,-0.09009042918641015,0.4249741658655921,0.5009137862603855,0.9298275138546139,0.6310172219485528,1.1509556016135734,0.6636135289731601,0.860449909982648,0.3731078373422443,0.2368282368940886,0.2374595334451975,-0.16294749004216497,0.0816704911046989
"±3% cetus_005 30м | SUI +20%/72ч, назад −10%",0.27674939437997653,-0.06381683154296112,0.33261205331467936,0.21513693334442346,0.022535823162065594,0.25802014344417684,-0.33373677887735254,-0.06381683154296112,0.586984644809001,0.6629242652037943,0.6390531360210638,0.3402428441150028,0.8078865329872615,0.32054446034684814,0.8400315615890468,0.3526894889486333,0.264163299581765,0.26479459613287,-0.16602179275541623,0.07859618839144822
"±5% cetus_005 180м | SUI +15%/72ч, назад −10%",0.2736230936897293,-0.11491815776269419,0.32994818944485954,0.21247306947460395,-0.35309093715171114,-0.11491815776269419,-0.36955010601303184,-0.10459558751717317,0.1459653799050653,0.22057472639678863,1.089179478081137,0.7901331014735424,1.217144205199224,0.7298978623276685,0.8613711943426322,0.3741248514710811,0.2486379930001157,0.24926938519902697,-0.20007169180455509,0.044498567929594085
"±3% cetus_025 180м | SUI +15%/72ч, назад −10%",0.27125383476028986,-0.02196376388051732,0.323378181771796,0.20590306180154144,-0.2415071336193777,-0.02196376388051732,-0.2647109895179741,-0.021566545684940337,0.256868134806264,0.33529831657010606,1.0474923250347157,0.7690608337611635,1.0146147079736365,0.5603865491959342,0.8348995856545062,0.38067142687680844,0.1817357396538487,0.1824001228587752,-0.24236691581125125,-0.014256261615010929
"±5% cetus_005 30м | SUI +15%/72ч, назад −15% | USDC −20%/72ч, назад +10%",0.26448965843001987,-0.0966706046898222,0.3208147541851484,0.20333963421489631,-0.1941804078329643,0.04399237155605263,-0.36162512318568085,-0.0966706046898222,0.20693553065705905,0.28154487714878246,1.0593970655437999,0.7603506889362055,1.114673351869508,0.6274270089979527,0.8304954900839944,0.3432491472124521,0.1648107826152565,0.16544217481417292,-0.2539886562697855,-0.009418396535636971
"±3% cetus_005 30м | SUI +20%/72ч, назад −10% | USDC −15%/72ч, назад +10%",0.2634124780401851,0.06903362160737317,0.3192751369748861,0.201800017004634,-0.003002912953908532,0.23248140732820274,-0.20088632572701826,0.06903362160737317,0.45585220906422275,0.5317918294590162,0.6114991608780975,0.3126888689720363,0.8078865329872615,0.32054446034684814,0.796198968614406,0.30885689597400556,0.215406311017315,0.216037607568422,-0.12875284808128762,0.11586513306557683
"±5% cetus_005 180м | SUI +15%/72ч, назад −15% | USDC −15%/72ч, назад +10%",0.2557196785779709,0.04839063031826654,0.3120447743331024,0.19456965436284424,-0.18978214907075042,0.04839063031826654,-0.20577052059501677,0.059183997900841806,0.12229755404357667,0.19690690053530005,1.0071614940242632,0.7081151174166687,1.0681892607093015,0.580942917837746,0.7882190709939444,0.3009727281223803,0.10216531259756889,0.10279670479648331,-0.19612182803806827,0.04844843169608047
"±5% cetus_025 30м | SUI +15%/72ч, назад −10% | USDC −15%/72ч, назад +10%",0.2553752292539982,0.034494989506156135,0.31449680102348154,0.1970216810532267,-0.09348269006007004,0.14943287931345964,-0.14587114736484574,0.12442215746470538,0.08657713917455445,0.15976328065377912,0.8642893767893822,0.5562233932719388,1.2227252460109166,0.7208295824088756,0.707742196500883,0.20584653289884697,0.09137226288129263,0.09198901851422406,-0.21737797574426088,0.034494989506156135
"±3% cetus_005 30м | SUI +20%/72ч, назад −10% | USDC −20%/72ч, назад +10%",0.2545471725612712,-0.04031619212001573,0.31040983149597384,0.19293471152571823,-0.08332937236625171,0.15215494791585954,-0.3102361394544072,-0.04031619212001573,0.5114420661820593,0.5873816865768527,0.6390531360210638,0.3402428441150028,0.8078865329872615,0.32054446034684814,0.8400315615890468,0.3526894889486333,0.25199039586350636,0.2526216924146143,-0.1735595288544884,0.07105845229237423
"±5% cetus_025 30м | SUI +15%/72ч, назад −10%",0.2505430108610474,-0.01291481143628559,0.30966458263053287,0.19218946266027376,-0.18122486788042014,0.06169070149310954,-0.21042265296829077,0.059870651861260456,0.11323244977986668,0.18641859125909135,0.8504805879263253,0.542414604408882,1.2227252460109166,0.7208295824088756,0.7924429185488703,0.2905472549468206,0.15487075631369784,0.15548751194662536,-0.264787776686703,-0.01291481143628559
"±5% cetus_005 30м | SUI +15%/72ч, назад −15% | USDC −15%/72ч, назад +10%",0.24702808294276332,0.01593701048418339,0.3033531786978926,0.185878058727639,-0.15663744376662903,0.08153533562238792,-0.24901750801167521,0.01593701048418339,0.14948247678043014,0.22409182327215332,0.8254704967728363,0.5264241201652419,1.114673351869508,0.6274270089979527,0.8029735289350908,0.3157271860635451,0.12499717825219914,0.12562857045111236,-0.18511665124861942,0.05945360848552987
"±5% cetus_005 30м | SUI +15%/72ч, назад −15%",0.24626676981965973,-0.1253919546181782,0.3025918655747887,0.18511674560453567,-0.2862403647299995,-0.0480675853409825,-0.3903464731140368,-0.1253919546181782,0.16502449170398914,0.2396338381957125,1.0593970655437999,0.7603506889362055,1.114673351869508,0.6274270089979527,0.8304954900839944,0.3432491472124521,0.17084169670386484,0.17147308890277757,-0.2431103334628103,0.001459926271338148
"±5% cetus_005 180м | SUI +15%/72ч, назад −15% | USDC −20%/72ч, назад +10%",0.2457922711415972,-0.0703962575153102,0.30211736689672697,0.18464224692647235,-0.2802524378843567,-0.04207965849533977,-0.3353507760111688,-0.0703962575153102,0.1802094406660033,0.25481878715772666,1.0928130778274725,0.7937667012198781,1.0681892607093015,0.580942917837746,0.8342624859931019,0.3470161431215496,0.11557660100159461,0.11620799320051298,-0.2585087171281327,-0.013938457393985713
"±5% cetus_005 30м | SUI +20%/72ч, назад −10%",0.24480749033690238,-0.10936304092690192,0.30113258609203253,0.18365746612177708,-0.1657143561884249,0.0724584232005921,-0.37431755942276057,-0.10936304092690192,0.3700306741622297,0.4446400206539529,0.8341592430253655,0.535112866417771,0.9448320697027368,0.4575857268311813,0.7844383463873265,0.29719200351577413,0.23032095448421563,0.23095234668312853,-0.21468868341442815,0.029881576319720937
"±5% cetus_025 30м | SUI +15%/72ч, назад −10% | USDC −20%/72ч, назад +10%",0.24468110020750108,-0.03187560572917135,0.3038026719769856,0.18632755200672835,-0.18469340336581996,0.058222166007709714,-0.2322702218199999,0.03802308300955133,0.1329652980385354,0.2061514395177599,0.8504805879263253,0.542414604408882,1.2227252460109166,0.7208295824088756,0.7924429185488703,0.2905472549468206,0.13251952145664658,0.1331362770895808,-0.2837485709795895,-0.03187560572917135
"±5% cetus_025 180м | SUI +15%/72ч, назад −10% | USDC −15%/72ч, назад +10%",0.24422557348971144,0.004627644307455085,0.3033471452591965,0.1858720252889383,-0.08705273812955383,0.15586283124397582,-0.1846504003748961,0.08564290445465503,0.0234889306737589,0.09667507215298343,0.8712982159274454,0.5632322324100022,1.2353150663422179,0.7334194027401767,0.7309360849082845,0.22904042130623736,0.084687323669276,0.08530407930220599,-0.24724532094296103,0.004627644307455085
"±8% cetus_005 30м | SUI +15%/72ч, назад −10% | USDC −15%/72ч, назад +10%",0.2433572792029517,0.0037790170338206507,0.2990804260145361,0.1816053060442784,0.01937032388161919,0.25173870655621966,-0.2567922823858724,0.0037790170338206507,0.12787600886802242,0.20129333174578362,0.8534392874748937,0.5589847261851344,1.0188490376327088,0.5393254448538065,0.7296792097195928,0.25015561694068567,0.1018649442500813,0.10250405264743648,-0.2016431213247571,0.039077337660726456
"±5% cetus_005 180м | SUI +20%/72ч, назад −10% | USDC −15%/72ч, назад +10%",0.2416921830131634,0.06812893207025908,0.2980172787682928,0.1805421587980389,-0.1262033119517284,0.11196946743728858,-0.16944208260083482,0.09551243589502377,0.19863896684711335,0.27324831333883665,0.8424971273172213,0.5434507507096268,0.9347758937923822,0.44752955092082686,0.7129219658787709,0.22567562300722527,0.16739099852730688,0.16802239072622008,-0.1764413276638887,0.06812893207025908
±3% cetus_005 180м,0.2403285783869285,-0.15503413816619002,0.29619123732163044,0.1787161173513763,-0.2733761620526005,-0.03789184177048924,-0.42495408550058145,-0.15503413816619002,0.7667309285233481,0.8426705489181414,0.7156342911562468,0.4168239992501856,0.670499250496235,0.18315717785582167,0.7931584659433006,0.30581639330289123,0.27295822808408576,0.27358952463519504,-0.15112101807699063,0.09349696306987233
"±3% cetus_025 180м | SUI +15%/72ч, назад −10% | USDC −20%/72ч, назад +10%",0.23668337121915944,-0.09180052749742458,0.2888077182306658,0.17133259826041075,-0.31134389723628497,-0.09180052749742458,-0.33241598800091754,-0.08927154416788369,0.1826826617148254,0.2611128434786674,1.0474923250347157,0.7690608337611635,1.0146147079736365,0.5603865491959342,0.8348995856545062,0.38067142687680844,0.14423153915572873,0.1448959223606539,-0.26969918845088336,-0.04158853425464365
"±5% cetus_005 180м | SUI +20%/72ч, назад −10%",0.2358217274422089,-0.03296903599854531,0.2921468231973401,0.17467170322708253,-0.2329484502731728,0.005224329115844171,-0.2979235544944039,-0.03296903599854531,0.307142151114721,0.3817514976064443,0.8689834795015088,0.5699371028939143,0.9347758937923822,0.44752955092082686,0.7754218604682119,0.2881755175966492,0.2041444096149021,0.20477580181381783,-0.22242120414542876,0.022149055588719692
"±5% cetus_005 30м | SUI +20%/72ч, назад −10% | USDC −15%/72ч, назад +10%",0.2301336389789166,0.07057103894011377,0.28645873473404604,0.16898361476379206,-0.1676017404489032,0.07057103894011377,-0.1282691228549402,0.13668539564091844,0.2272864396793941,0.30189578617111734,0.7405703444963228,0.44152396788872833,0.9448320697027368,0.4575857268311813,0.6914245782040269,0.20417823533247728,0.15022171687596486,0.15085310907487992,-0.16679440778223364,0.07777585195191619
"±8% cetus_005 180м | SUI +15%/72ч, назад −10% | USDC −15%/72ч, назад +10%",0.2279713955676333,-0.0012590871899435285,0.2836945423792159,0.16621942240896198,0.018338525841414155,0.25070690851601485,-0.26183038660963665,-0.0012590871899435285,0.11883465232419943,0.19225197520196077,0.7958499146507481,0.5013953533609887,0.9825975302305676,0.5030739374516651,0.7106995836421679,0.23117599086327303,0.11107508970195568,0.11171419809931152,-0.20600857074768908,0.03471188823779585
"±5% cetus_005 30м | SUI +20%/72ч, назад −10% | USDC −20%/72ч, назад +10%",0.22643972909235532,-0.038358887429384224,0.28276482484748533,0.1652897048772302,-0.27653166681840124,-0.038358887429384224,-0.2591168486487341,0.005837669847124544,0.24431435651688904,0.31892370300861245,0.8341592430253655,0.535112866417771,0.9448320697027368,0.4575857268311813,0.7844383463873265,0.29719200351577413,0.21818208488729696,0.21881347708621118,-0.22815898627259656,0.016411273461552155
"±8% cetus_005 30м | SUI +15%/72ч, назад −10% | USDC −20%/72ч, назад +10%",0.22575725740892927,-0.11915673664386844,0.2814804042205117,0.16400528425025826,-0.10935924600662583,0.1230091366679747,-0.37972803606356154,-0.11915673664386844,0.11701896969492687,0.19043629257268804,0.9074410290165622,0.6129864677268029,1.0188490376327088,0.5393254448538065,0.7951452837412176,0.31562169096232506,0.16172015971544107,0.1623592681127961,-0.25924396396657595,-0.01852350498109061
"±5% cetus_025 180м | SUI +15%/72ч, назад −10%",0.2222703457658447,-0.06753112116417498,0.2813919175353298,0.16391679756507138,-0.3104466905377046,-0.06753112116417498,-0.2478019832977304,0.022491321531820745,-0.011521352733240064,0.061664788745984536,0.9129164352930885,0.6048504517756453,1.2353150663422179,0.7334194027401767,0.7772030076198739,0.2753073440178264,0.16533234541336683,0.1659491010462947,-0.2698614878172334,-0.017988522566815917
"±5% cetus_025 180м | SUI +15%/72ч, назад −10% | USDC −20%/72ч, назад +10%",0.2201100722134539,-0.04350586724060669,0.27923164398293854,0.16175652401268112,-0.25022339656198644,-0.007307827188456742,-0.2917246640765757,-0.021431359247024488,0.02765143760398625,0.10083757908321075,0.9129164352930885,0.6048504517756453,1.2353150663422179,0.7334194027401767,0.7772030076198739,0.2753073440178264,0.1180940981339288,0.11871085376686011,-0.29537883249102476,-0.04350586724060669
"±5% cetus_005 180м | SUI +15%/72ч, назад −15%",0.22004934613272556,-0.18478742675658316,0.27637444188785576,0.15889932191760023,-0.42296020614560015,-0.18478742675658316,-0.3373786022984233,-0.07242408380256464,0.09985692565348736,0.17446627214521057,1.0928130778274725,0.7937667012198781,1.0681892607093015,0.580942917837746,0.8342624859931019,0.3470161431215496,0.12830524768247964,0.1289366398813931,-0.2520926543189736,-0.007522394584825065
"±3% cetus_025 180м | SUI +20%/72ч, назад −10%",0.2198993818476882,-0.02988343407874325,0.2720237288591965,0.15454860888893712,-0.15620281208158138,0.06334055765727911,-0.18605259713561906,0.05709184669741475,0.3491403767690593,0.4275705585329014,0.8387643002887852,0.5603328090152331,0.7601905327756497,0.30596237399794773,0.6992086557192815,0.2449804969415682,0.12913546281297905,0.1297998460179047,-0.2579940882749821,-0.02988343407874325
"±3% cetus_025 180м | SUI +15%/72ч, назад −15%",0.2188014719766019,-0.05649920213387219,0.2709258189881076,0.15345069901785405,-0.2760425718727326,-0.05649920213387219,-0.15619088957044003,0.08695355426259382,0.1138756439475126,0.19230582571135457,0.8292070830049505,0.5507755917313983,1.0256043862558144,0.5713762274781123,0.7756900447122617,0.32146188593456815,0.11058742062488325,0.11125180382980901,-0.255324565197389,-0.027213911001148717
"±3% cetus_025 180м | SUI +15%/72ч, назад −10% | USDC −15%/72ч, назад +10%",0.2129822182602228,-0.039562032795941206,0.26510656527173,0.14763144530147307,-0.18855522486670484,0.03098814487215563,-0.2827064766289751,-0.039562032795941206,0.12586951731041007,0.20429969907425216,0.808547377761397,0.5301158864878448,1.0146147079736365,0.5603865491959342,0.7409865767589481,0.2867584179812435,0.10911326090723161,0.10977764411215617,-0.20701721704210324,0.02109343715413701
"±5% cetus_005 180м | SUI +20%/72ч, назад −10% | USDC −20%/72ч, назад +10%",0.21237920468489135,-0.058230745689734534,0.26870430044002286,0.15122918046976466,-0.29640352507875145,-0.058230745689734534,-0.30512574513445767,-0.04017122663859908,0.23690136824691588,0.3115107147386392,0.8689834795015088,0.5699371028939143,0.9347758937923822,0.44752955092082686,0.7754218604682119,0.2881755175966492,0.17552429848783813,0.17615569068675221,-0.24044322676346502,0.004127032970682549
"±3% cetus_025 30м | SUI +15%/72ч, назад −15% | USDC −20%/72ч, назад +10%",0.21063163273748475,-0.05765063595937349,0.26275597974899245,0.14528085977873448,-0.1402046052192637,0.07933876451959676,-0.23294407074977608,0.010200373083257688,0.045794326115511375,0.12422450787935346,0.8123391645504503,0.5339076732768981,1.0445503329354033,0.5903221741577014,0.7618503193023395,0.3076221605246269,0.09642366121288837,0.09708804441781729,-0.28576129015561363,-0.05765063595937349
"±3% cetus_005 180м | USDC −15%/72ч, назад +10%",0.2102233609583067,0.046951239048295006,0.26608601989300956,0.14861089992275356,-0.18853308123381618,0.046951239048295006,-0.18506764728407477,0.08485230005031667,0.41340007062119444,0.4893396910159878,0.718262124618426,0.41945183271236486,0.5864777939727517,0.09913572133233828,0.6764427048304921,0.18910063219008236,0.19757435464315776,0.19820565119425992,-0.08986816102405465,0.1547498201228087
"±3% cetus_025 30м | SUI +15%/72ч, назад −10%",0.20450568278402897,-0.03534703423378879,0.2566300297955346,0.1391549098252811,-0.05633730372874968,0.16320606601011078,-0.21945044659363644,0.02369399723939736,0.04811739685857508,0.12654757862241708,0.6624297658273621,0.38399827455381,1.0101006204104763,0.5558724616327743,0.7245132940090685,0.27028513523137365,0.14712460001121053,0.14778898321613745,-0.26345768843002926,-0.03534703423378879
"±8% cetus_005 180м | SUI +15%/72ч, назад −10% | USDC −20%/72ч, назад +10%",0.2034617183587658,-0.13998039802284254,0.25918486517034867,0.14170974520009422,-0.14817449913105107,0.08419388354354951,-0.4005516974425356,-0.13998039802284254,0.08633426095909758,0.1597515838368588,0.8966408199599618,0.6021862586702025,0.9825975302305676,0.5030739374516651,0.7721929689828828,0.2926693762039857,0.15506775524387062,0.15570686364122854,-0.2706282174400042,-0.02990775845452106
"±8% cetus_025 30м | SUI +15%/72ч, назад −10% | USDC −15%/72ч, назад +10%",0.20210640018713155,0.01129950049481721,0.2582578832708732,0.14078276330061917,0.026394126533156648,0.2599569118951129,-0.24900371957334244,0.01129950049481721,-0.010054676642145877,0.0643100114094409,0.8041174480244473,0.5081288809812716,1.0124939102153743,0.5304635765263697,0.6668159520566757,0.18478561836767982,0.04200604124314666,0.04264264501316092,-0.22670601569032683,0.0152640568091995
"±3% cetus_025 30м | SUI +15%/72ч, назад −15%",0.20149438939343348,-0.06079848294793998,0.25361873640494154,0.1361436164346827,-0.175643469014518,0.043899900724342446,-0.20278032935409884,0.040364114478934995,-0.02302517993744635,0.05540500182639576,0.8123391645504503,0.5339076732768981,1.0445503329354033,0.5903221741577014,0.7618503193023395,0.3076221605246269,0.10056818990158234,0.10123257310650821,-0.28890913714417993,-0.06079848294793998
"±12% cetus_005 180м | SUI +15%/72ч, назад −15% | USDC −15%/72ч, назад +10%",0.20100924461265574,-0.029815024841647143,0.25578338752167196,0.13830826755141792,-0.10516941308266847,0.12275381614467051,-0.2440619506056031,0.01024783923735768,0.04660373477854085,0.11829119390174682,0.7396909123679338,0.4509924118592173,1.0868357427526778,0.6168113293127615,0.7355213839505772,0.26549697051066756,0.05264682109529106,0.05329542077647176,-0.26580013108337347,-0.029815024841647143
"±3% cetus_025 180м | SUI +15%/72ч, назад −15% | USDC −20%/72ч, назад +10%",0.19989595784589514,-0.07153577707876195,0.2520203048574011,0.1345451848871469,-0.29107914681762237,-0.07153577707876195,-0.2337324154103172,0.009412028422716646,0.11401072365873466,0.1924409054225768,0.8292070830049505,0.5507755917313983,1.0256043862558144,0.5713762274781123,0.7756900447122617,0.32146188593456815,0.09505969361566025,0.09572407682058376,-0.298597930160273,-0.0704872759640329
"±8% cetus_005 30м | SUI +15%/72ч, назад −10%",0.19898352645500492,-0.15583062516118318,0.2547066732665873,0.13723155329633382,-0.3055943436680494,-0.07322596099344877,-0.4164019245808762,-0.15583062516118318,0.12040033627835522,0.1938176591561165,0.9074410290165622,0.6129864677268029,1.0188490376327088,0.5393254448538065,0.7951452837412176,0.31562169096232506,0.1719082989567019,0.17254740735405777,-0.2540943312439217,-0.013373872258437487
"±8% cetus_005 30м | SUI +15%/72ч, назад −15% | USDC −15%/72ч, назад +10%",0.19621183166976938,0.014123250587888946,0.2519349784813559,0.13445985851109396,-0.21213628394350492,0.020232098731095646,-0.21292676860564186,0.04764453081405122,0.05858701941631228,0.13200434229407365,0.8234195104873427,0.5289649491975834,0.9303071195026775,0.4507835267237749,0.7625609584962214,0.2830373657172991,0.09226548089503561,0.09290458929238823,-0.2265972083975959,0.014123250587888946
"±3% cetus_025 30м | SUI +15%/72ч, назад −15% | USDC −15%/72ч, назад +10%",0.19559819666655912,0.0003033304531881243,0.24772254367806754,0.13024742370780795,-0.12958245928629497,0.08996091045256549,-0.18400658766190914,0.059137856171124666,-0.002786119616781213,0.07564406214706082,0.7070387494008759,0.4286072581273237,1.0445503329354033,0.5903221741577014,0.7202420322462502,0.2660138734685359,0.05413172515004827,0.054796108354972894,-0.22780732374305207,0.0003033304531881243
"±3% cetus_005 180м | USDC −20%/72ч, назад +10%",0.19547624281480883,-0.1671564395902317,0.25133890174951107,0.13386378177925626,-0.40264075987234293,-0.1671564395902317,-0.3759495670271863,-0.10602961969279484,0.4934246764506576,0.5693642968454511,0.7156342911562468,0.4168239992501856,0.670499250496235,0.18315717785582167,0.7931584659433006,0.30581639330289123,0.2701197392691407,0.2707510358202457,-0.15353488241996277,0.09108309872690193
"±8% cetus_005 30м | SUI +15%/72ч, назад −15% | USDC −20%/72ч, назад +10%",0.19369147185391775,-0.08243791940256102,0.2494146186655018,0.131939498695245,-0.23753756894963785,-0.005169186275037276,-0.3430092188222541,-0.08243791940256102,0.0632828888042205,0.13670021168198176,0.9676645134759168,0.6732099521861573,0.9303071195026775,0.4507835267237749,0.7851883206463978,0.30566472786749316,0.11472327508780311,0.11536238348515801,-0.2853023804211094,-0.04458192143562485
"±3% cetus_025 30м | SUI +15%/72ч, назад −10% | USDC −20%/72ч, назад +10%",0.19223325947491937,-0.04511328908430556,0.2443576064864252,0.1268824865161713,-0.14736206694961396,0.07218130278924648,-0.24904329060771202,-0.005898846774678219,0.09442835875073374,0.17285854051457578,0.6624297658273621,0.38399827455381,1.0101006204104763,0.5558724616327743,0.7245132940090685,0.27028513523137365,0.13301811373163264,0.13368249693655854,-0.2732239432805456,-0.04511328908430556
"±8% cetus_005 180м | SUI +15%/72ч, назад −15% | USDC −15%/72ч, назад +10%",0.1914590484860926,0.007212191721165482,0.2471821952976752,0.1297070753274213,-0.19462093765625743,0.0377474450183432,-0.2495119360682605,0.011059363351432552,0.05111285391538534,0.12453017679314655,0.8074021316468076,0.5129475703570483,0.9932208002289429,0.5136972074500403,0.7369737967430964,0.25745020396420104,0.06638912083600657,0.06702822923336335,-0.2335082672643191,0.007212191721165482
"±5% cetus_025 30м | SUI +15%/72ч, назад −15% | USDC −20%/72ч, назад +10%",0.19106599770003085,-0.04409341150970164,0.2501875694695138,0.13271244949925962,-0.16326089939822663,0.07965466997530299,-0.27269683901891584,-0.002403534189364649,0.035398733722874276,0.10858487520209877,0.8010468717600465,0.49298088824260333,1.0567750888103675,0.5548794252083266,0.760281655709183,0.2583859921071502,0.07992232093089913,0.08053907656383125,-0.29596637676011744,-0.04409341150970164
"±3% cetus_025 30м | SUI +15%/72ч, назад −10% | USDC −15%/72ч, назад +10%",0.18982555926657527,0.0172272443507471,0.2419499062780816,0.12447478630782655,-0.04259375865062054,0.1769496110882399,-0.20103202819620525,0.04211241563682862,0.06291124535850035,0.14134142712234238,0.5635616710220013,0.285130179748449,1.0101006204104763,0.5558724616327743,0.6693126377130392,0.21508447893533814,0.08422227241295466,0.08488665561788267,-0.21088340984549303,0.0172272443507471
"±5% cetus_025 30м | SUI +15%/72ч, назад −15% | USDC −15%/72ч, назад +10%",0.18894445440917948,0.011074987194016613,0.24806602617866477,0.130590906208406,-0.1550747653979525,0.08784080397557716,-0.19090487537887224,0.0793884294506789,0.011703463877013931,0.0848896053562386,0.754860401103193,0.44679441758574967,1.0567750888103675,0.5548794252083266,0.712262023348323,0.21036635974627316,0.03570485112364563,0.03632160675657524,-0.24079797805640007,0.011074987194016613
"±8% cetus_005 180м | SUI +15%/72ч, назад −15% | USDC −20%/72ч, назад +10%",0.18868711609051164,-0.12987391724212338,0.24441026290209614,0.12693514293183833,-0.24792378922568847,-0.015555406551087857,-0.3904452166618164,-0.12987391724212338,0.09963703878235619,0.17305436166011745,0.9459857693750842,0.6515312080853249,0.9932208002289429,0.5136972074500403,0.780843594663994,0.30132000188508884,0.07446280120673154,0.07510190960408408,-0.3004988951528348,-0.05977843616735122
"±8% cetus_025 180м | SUI +15%/72ч, назад −10% | USDC −15%/72ч, назад +10%",0.18544176090272363,0.014370115337354293,0.2415932439864659,0.12411812401621047,0.027429945377097864,0.2609927307390542,-0.21726490578556334,0.043038314282596274,-0.0210088001074763,0.053355887944110524,0.7006675215057698,0.40467895446259405,0.9534464257405457,0.4714160920515414,0.6610005347878439,0.1789702010988441,0.05607518753567975,0.056711791305694134,-0.2275999571621703,0.014370115337354293
"±5% cetus_025 30м | SUI +15%/72ч, назад −15%",0.18485403151047053,-0.0383476190304701,0.24397560327995257,0.12650048330970026,-0.2291689821423758,0.013746587231153882,-0.2520142614749872,0.018279043354563953,0.010635180677058154,0.08382132215628274,0.8010468717600465,0.49298088824260333,1.0567750888103675,0.5548794252083266,0.760281655709183,0.2583859921071502,0.09446985718121548,0.09508661281415379,-0.2902205842808872,-0.0383476190304701
"±8% cetus_005 180м | SUI +15%/72ч, назад −10%",0.18324232714728458,-0.15822072614255248,0.23896547395886725,0.12149035398861315,-0.34991257926352304,-0.11754419658892246,-0.4187920255622456,-0.15822072614255248,0.1270619215891251,0.2004792444668864,0.8966408199599618,0.6021862586702025,0.9825975302305676,0.5030739374516651,0.7721929689828828,0.2926693762039857,0.158899235714124,0.15953834411148185,-0.2569640799799547,-0.01624362099446998
"±12% cetus_005 180м | SUI +15%/72ч, назад −15% | USDC −20%/72ч, назад +10%",0.18293041688486594,-0.12604264678287705,0.23770455979388258,0.1202294398236277,-0.18571932021352433,0.042203909013814635,-0.38035243662583784,-0.12604264678287705,0.0763223196322993,0.14800977875550514,0.7971096071854609,0.5084111066767443,1.0868357427526778,0.6168113293127615,0.7783260385572692,0.30830162511735726,0.06251355472926834,0.06316215441044874,-0.3333990276665527,-0.09741392142482695
"±5% cetus_025 180м | SUI +20%/72ч, назад −10% | USDC −15%/72ч, назад +10%",0.182119575130973,0.04659500130919021,0.241241146900458,0.12376602693019972,-0.15155363893499596,0.09136193043853368,-0.023782506791758973,0.24651079803779224,0.010293889370997622,0.08348003085022228,0.6737595900865607,0.36569360656911754,0.9585050582011476,0.4566093945991065,0.5878070621872962,0.08591139858524428,0.08017768502564526,0.08079444065857722,-0.20527796394122844,0.04659500130919021
"±12% cetus_005 30м | SUI +15%/72ч, назад −15% | USDC −15%/72ч, назад +10%",0.1821020637705873,-0.028834036602228254,0.23687620667960363,0.11940108670934936,-0.16804866079568415,0.059874568431654895,-0.24538699159891153,0.008922798244049233,0.05505458358619375,0.12674204270939954,0.6324497526131612,0.3437512521044445,1.0868357427526778,0.6168113293127615,0.7422406627820701,0.27221624934216054,0.056683706941276335,0.057332306622456315,-0.2648191428439546,-0.028834036602228254
"±3% cetus_005 30м | USDC −15%/72ч, назад +10%",0.18093133816633492,-0.10807940329575416,0.2367939971010389,0.11931887713078061,0.07365176691649378,0.3091360871986049,-0.16357642824731033,0.10634351908708112,0.4460178791245537,0.521957499519347,0.4270778512680635,0.12826755936200243,0.37926266934465924,-0.10807940329575416,0.6154087319612601,0.12806665932083647,0.20376920943386378,0.20440050598497086,-0.08725970299327257,0.1573582781535907
"±8% cetus_005 30м | SUI +20%/72ч, назад −10% | USDC −15%/72ч, назад +10%",0.18067922104271242,0.05005085436639696,0.23640236785429536,0.11892724788404072,-0.054552006593810654,0.17781637608078996,-0.1544880483571256,0.10608325106256743,0.11191295225417996,0.18533027513194128,0.6795234310420093,0.38506886975225,0.7978288907935942,0.3183052980146917,0.6044813569561239,0.12495776417722751,0.09718197135848061,0.09782107975583451,-0.19066960461908894,0.05005085436639696
"±8% cetus_025 30м | SUI +15%/72ч, назад −10% | USDC −20%/72ч, назад +10%",0.1804755165638466,-0.08685404268436343,0.23662699964759001,0.11915187967733226,-0.0887013499183833,0.14486143544357305,-0.3471572627525231,-0.08685404268436343,-0.024940557833500687,0.04942413021808619,0.8408294400076783,0.5448408729645027,1.0124939102153743,0.5304635765263697,0.7219038890961815,0.23987355540716931,0.07831994156580491,0.0789565453358233,-0.2997320131999118,-0.05776194070038784
"±12% cetus_005 30м | SUI +15%/72ч, назад −15% | USDC −20%/72ч, назад +10%",0.1796443644460573,-0.12684596058008807,0.23441850735507436,0.1169433873848186,-0.22406201141100313,0.003861217816335909,-0.38115575042304883,-0.12684596058008807,0.08346780130195763,0.15515526042516342,0.7877380812751325,0.49903958076641575,1.0868357427526778,0.6168113293127615,0.7908034819569638,0.3207790685170518,0.05356456934414078,0.05421316902531664,-0.3218438559562257,-0.08585874971449854
"±5% cetus_025 180м | SUI +15%/72ч, назад −15% | USDC −15%/72ч, назад +10%",0.17873688818468222,0.0011016731045126703,0.2378584599541676,0.12038333998390864,-0.1912332339106425,0.05168233546288718,-0.1974767242408686,0.0728165805886826,-0.04725487844345111,0.0259312630357735,0.8111687634151619,0.5031027798977186,1.0167434817653391,0.5148478181632982,0.7335435255116974,0.23164786190964692,0.028148037682008242,0.02876479331493819,-0.25077129214590366,0.0011016731045126703
"±3% cetus_025 180м | SUI +15%/72ч, назад −15% | USDC −15%/72ч, назад +10%",0.17716079472404048,-0.023730557998753028,0.22928514173554743,0.1118100217652911,-0.24327392773761347,-0.023730557998753028,-0.17680085279450575,0.06634359103852802,0.03450333740510536,0.11293351916894735,0.6160441174568279,0.33761262618327575,1.0256043862558144,0.5713762274781123,0.73913325902154,0.2849051002438368,0.07188113602909418,0.07254551923401976,-0.2328103217518832,-0.004699667555643288
"±8% cetus_005 180м | SUI +15%/72ч, назад −15%",0.17577283919517037,-0.1484050950804746,0.2314959860067547,0.11402086603649722,-0.37548172109277556,-0.14311333841817495,-0.40897639450016765,-0.1484050950804746,0.12711969977665594,0.20053702265441728,0.9459857693750842,0.6515312080853249,0.9932208002289429,0.5136972074500403,0.780843594663994,0.30132000188508884,0.08146226468239137,0.08210137307974427,-0.2922061250800877,-0.0514856660946031
"±12% cetus_005 180м | SUI +15%/72ч, назад −10% | USDC −15%/72ч, назад +10%",0.17494690910416394,-0.0028691701369086787,0.22972105201318177,0.11224593204292443,-0.03803790833252474,0.18988532089481425,-0.2571789599798694,-0.0028691701369086787,0.10930291359377309,0.18099037271697896,0.6732470468307707,0.3845485463220541,0.8831333285017013,0.41310891506178476,0.622731553733102,0.15270714029318028,0.08010959329107303,0.08075819297225252,-0.23553915153257193,0.00044595470915538733
"±5% cetus_025 30м | SUI +20%/72ч, назад −10% | USDC −15%/72ч, назад +10%",0.1741208902540474,0.02836573970941053,0.23324246202353016,0.11576734205327638,-0.15021952094115532,0.0926960484323743,-0.14858031004065242,0.12171299478889878,0.07163990934892506,0.1448260508281497,0.6777379949698514,0.3696720114524081,0.9853659804257742,0.48347031682373315,0.5934496778510964,0.091554014249066,0.060053190115409105,0.06066994574833856,-0.22350722554100716,0.02836573970941053
"±3% cetus_025 30м | SUI +20%/72ч, назад −10%",0.1739260763903996,-0.042476898120793506,0.226050423401906,0.10857530343165088,0.0012745627184751473,0.2208179324573355,-0.09457284825601275,0.14857159557702104,0.11514162785980697,0.19357180962364892,0.5024909273007894,0.2240594360272371,0.8005026690255466,0.3462745102478445,0.6092960157885621,0.1550678570108674,0.14485798509511327,0.14552236830003568,-0.27058755231703263,-0.042476898120793506
"±5% cetus_025 30м | SUI +20%/72ч, назад −10%",0.17248406575218334,-0.0059330656282881485,0.23160563752166677,0.11413051755141171,-0.16649809391653492,0.07641747545699473,-0.26727125688601805,0.0030220479435331526,0.1523492618127269,0.22553540329195143,0.6652897525195329,0.3572237690020896,0.9853659804257742,0.48347031682373315,0.616024369618718,0.1141287060166799,0.12539111747784115,0.12600787311077283,-0.257806030878706,-0.0059330656282881485
"±8% cetus_005 30м | SUI +15%/72ч, назад −15%",0.17056670248162326,-0.13526779247089904,0.22628984929320684,0.10881472932295097,-0.3676361751454996,-0.13526779247089904,-0.38181509209009645,-0.12124379267040339,0.026791360837388645,0.1002086837151498,0.9676645134759168,0.6732099521861573,0.9303071195026775,0.4507835267237749,0.7851883206463978,0.30566472786749316,0.12538041871677896,0.12601952711413753,-0.275561671597909,-0.03484121261242414
"±12% cetus_025 180м | SUI +15%/72ч, назад −15% | USDC −15%/72ч, назад +10%",0.17017857212744347,-0.04169026300265074,0.22391542039664697,0.10644030042639058,-0.17360230797249243,0.05133688799364194,-0.22248730307138576,0.02847848085943909,-0.03433866316814205,0.0388509130433178,0.6970756807632912,0.4121913246699356,1.0633442930040102,0.5995163171158814,0.7255959865779518,0.26176801068982186,0.010322114584758846,0.010976905650160802,-0.27458643754481604,-0.04169026300265074
"±8% cetus_025 30м | SUI +15%/72ч, назад −10%",0.16794980136358112,-0.0777108372511195,0.2241012844473246,0.1066261644770667,-0.22444293884947542,0.009119846512480904,-0.33801405731927914,-0.0777108372511195,-0.028891471486933717,0.04547321656465314,0.8408294400076783,0.5448408729645027,1.0124939102153743,0.5304635765263697,0.7219038890961815,0.23987355540716931,0.10286130903902424,0.10349791280904007,-0.29392980512397326,-0.05195973262444724
"±3% cetus_005 30м | USDC −20%/72ч, назад +10%",0.1662816499720948,-0.026471204198975043,0.22214430890679654,0.10466918893654281,-0.0793935503764237,0.15609076990568752,-0.2823500781967233,-0.012430130862331907,0.4583224362778906,0.534262056672684,0.3977759797354097,0.0989656878293485,0.46087086844143843,-0.026471204198975043,0.7230345252448852,0.235692452604482,0.2388078882373703,0.2394391847884741,-0.13991359810947485,0.10470438303738923
"±8% cetus_005 180м | SUI +20%/72ч, назад −10% | USDC −15%/72ч, назад +10%",0.16480883072698743,0.03529652914691631,0.22053197753857154,0.10305685756831444,-0.05443943801374174,0.17792894466085885,-0.135115327493187,0.12545597192650604,0.10718153122027663,0.18059885409803797,0.6196654377277153,0.325210876437956,0.7594674610014587,0.2799438682225562,0.5792237846594355,0.09970019188052845,0.09369630104518256,0.09433540944253963,-0.20542392983856766,0.03529652914691631
"±3% cetus_025 30м | USDC −15%/72ч, назад +10%",0.16366853653694055,-0.03458942115591469,0.21579288354844833,0.09831776357819011,0.6071595761011621,0.8267029458400227,-0.02485816022344778,0.21828628360958605,0.05462745187280538,0.13305763363664752,0.3458432018339517,0.06741171056039946,0.424524541407971,-0.029703617369731036,0.4196387376217957,-0.03458942115591469,0.0627388301177858,0.0634032133227128,-0.16333111034443726,0.0647795438518017
±3% cetus_005 30м,0.16306466163281405,-0.04408746465988301,0.21892732056751543,0.10145220059726244,-0.13462024115487115,0.10086407912724013,-0.3140074119942744,-0.04408746465988301,0.5311984396081328,0.6071380600029262,0.3977759797354097,0.0989656878293485,0.46087086844143843,-0.026471204198975043,0.7230345252448852,0.235692452604482,0.2529128370987781,0.25354413364988493,-0.16574643243937526,0.07887154870748858
"±3% cetus_025 180м | SUI +20%/72ч, назад −10% | USDC −20%/72ч, назад +10%",0.16291687795322812,-0.1509542236129984,0.2150412249647362,0.0975661049944773,-0.37049759335185883,-0.1509542236129984,-0.2268797848607772,0.016264658972256568,0.17283411557909578,0.2512642973429378,0.8387643002887852,0.5603328090152331,0.7601905327756497,0.30596237399794773,0.6992086557192815,0.2449804969415682,0.11982308380688722,0.12048746701181415,-0.2731135102391737,-0.04500285604293424
"±5% cetus_025 180м | SUI +15%/72ч, назад −15% | USDC −20%/72ч, назад +10%",0.1629065662377585,-0.06574642895283453,0.222028138007242,0.10455301803698683,-0.24527842037800052,-0.0023628510044709115,-0.30277387834770975,-0.03248057351815859,-0.02377988617260829,0.049406255306616347,0.8595251752974937,0.5514591917800504,1.0167434817653391,0.5148478181632982,0.753853033965992,0.2519573703639517,0.035554992130680474,0.03617174776361551,-0.31761939420325086,-0.06574642895283453
"±5% cetus_025 180м | SUI +20%/72ч, назад −10%",0.1623437011410218,-0.04073968337236927,0.22146527291050488,0.10399015294025052,-0.2528330604472524,-0.009917491073722716,-0.13554823531415283,0.13474506951539836,0.03242885274616114,0.10561499422538574,0.7104908957515845,0.40242491223414134,0.9585050582011476,0.4566093945991065,0.6403160428167216,0.13842037921468417,0.11097527815261654,0.11159203378555034,-0.2926126486227871,-0.04073968337236927
"±8% cetus_025 30м | SUI +15%/72ч, назад −15% | USDC −15%/72ч, назад +10%",0.1622517931991533,0.0002070172151685764,0.21840327628289702,0.10092815631263861,-0.19912152153772966,0.034441263824226666,-0.1806216655200592,0.07968155454810046,-0.0645177524509325,0.009846935600654376,0.7715431915781072,0.47555462453493164,0.8975723262019155,0.41554199251291124,0.7247914930950765,0.24276115940606358,0.03934319418115573,0.039979797951169974,-0.24176305528435743,0.0002070172151685764
"±8% cetus_025 180м | SUI +15%/72ч, назад −10% | USDC −20%/72ч, назад +10%",0.1615434146658515,-0.08956499720709417,0.21769489774959316,0.10021977777933898,-0.12176840163668001,0.11179438372527628,-0.34986821727525386,-0.08956499720709417,-0.06522828657113933,0.00913640148044749,0.8068900559789745,0.5109014889357988,0.9534464257405457,0.4714160920515414,0.7385004204535277,0.2564700867645303,0.09629027137853519,0.09692687514855094,-0.31670308607176456,-0.07473301357223897
±3% cetus_025 180м,0.16007108862080938,-0.018194047766173754,0.21219543563231563,0.09472031566206081,0.045384022479600716,0.26492739221846123,-0.1663294368695536,0.07681500696348025,0.21869722467967723,0.29712740644351937,0.5991325022592848,0.3207010109857327,0.5860669246529184,0.13183876587521637,0.543081501967737,0.08885334319003874,0.11783544785127409,0.11849983105620013,-0.24630470196241366,-0.018194047766173754
"±12% cetus_025 30м | SUI +15%/72ч, назад −15% | USDC −15%/72ч, назад +10%",0.15885298290276853,-0.03890966332170393,0.21258983117197053,0.09511471120171737,-0.160266026741138,0.06467316922499634,-0.22407456013872828,0.0268912237920965,-0.032469771197182196,0.0407198050142776,0.5867948440091513,0.3019104879157956,1.0633442930040102,0.5995163171158814,0.7219766011769314,0.25814862528881366,0.01721910712658903,0.017873898191990988,-0.27180583786386925,-0.03890966332170393
"±5% cetus_025 30м | SUI +20%/72ч, назад −10% | USDC −20%/72ч, назад +10%",0.15871178467912192,-0.029009036105952714,0.21783335644860546,0.10035823647835017,-0.24010952104986838,0.00280604832366123,-0.23479280542971992,0.035500499399831256,0.11739208628983944,0.19057822776906405,0.6652897525195329,0.3572237690020896,0.9853659804257742,0.48347031682373315,0.616024369618718,0.1141287060166799,0.11437899057093781,0.11499574620386888,-0.2808820013563702,-0.029009036105952714
"±8% cetus_025 180м | SUI +15%/72ч, назад −15% | USDC −15%/72ч, назад +10%",0.15682929731681167,-0.007072100149583065,0.21298078040055432,0.0955056604302981,-0.1764594704509893,0.05710331491096696,-0.21763163158365617,0.0426715884845035,-0.07463596173642828,-0.00027127368484144656,0.7346394731535206,0.438650906110345,0.9574410568264016,0.47541072313739735,0.7052195054590181,0.22318917177001268,0.024315444185676882,0.024952047955692364,-0.24904217264910894,-0.007072100149583065
"±12% cetus_005 30м | SUI +15%/72ч, назад −10% | USDC −15%/72ч, назад +10%",0.15667981146413668,-0.0004668879349557642,0.21145395437315315,0.0939788344028986,-0.024005891862857287,0.20391733736448173,-0.25368636073790096,0.0006234291050597562,0.1159545461263436,0.18764200524954958,0.570083472570915,0.28138497206219826,0.7889835833491099,0.3189591699091935,0.6554836909319312,0.18545927749201924,0.07527058878436721,0.07591918846554706,-0.2364519941766834,-0.0004668879349557642
"±12% cetus_005 180м | SUI +15%/72ч, назад −15%",0.15631390632838915,-0.1661817006569214,0.21108804923740623,0.09361292926715034,-0.3941049298842604,-0.1661817006569214,-0.40218286314147467,-0.14787307329851387,0.052272815687185226,0.12396027481039112,0.7971096071854609,0.5084111066767443,1.0868357427526778,0.6168113293127615,0.7783260385572692,0.30830162511735726,0.07959882161473542,0.08024742129591048,-0.3091508388723437,-0.07316573263061621
"±8% cetus_025 30м | SUI +15%/72ч, назад −15% | USDC −20%/72ч, назад +10%",0.15577694304107104,-0.08034747127383313,0.2119284261248143,0.09445330615455678,-0.20760317854767918,0.025959606814277125,-0.2876006300590528,-0.027297409990893157,-0.07156271921733137,0.0028019688342554618,0.8877445231498482,0.5917559561066724,0.8975723262019155,0.41554199251291124,0.7507337777683559,0.2687034440793431,0.048460853475815524,0.049097457245835155,-0.32231754377335736,-0.08034747127383313
"±5% cetus_025 180м | SUI +15%/72ч, назад −15%",0.15473446470058438,-0.1247625602378519,0.21385603647006804,0.0963809164998125,-0.3676781296113816,-0.1247625602378519,-0.2595801814978185,0.010713123331732674,-0.07716564081537769,-0.003979499336153083,0.8595251752974937,0.5514591917800504,1.0167434817653391,0.5148478181632982,0.753853033965992,0.2519573703639517,0.08094067246122227,0.08155742809415464,-0.2957901198049251,-0.04391715455450765
"±12% cetus_025 30м | SUI +15%/72ч, назад −15% | USDC −20%/72ч, назад +10%",0.15454432433302417,-0.11091783854094558,0.20828117260222775,0.09080605263197122,-0.19971884303275966,0.02522035293337467,-0.3471620449018117,-0.09619626097098688,-0.008732295838456805,0.06445728037300298,0.7353209899325412,0.4504366338391856,1.0633442930040102,0.5995163171158814,0.7497921876108202,0.28596421172269015,0.01721910712658903,0.017873898191990988,-0.34381401308311055,-0.11091783854094558
"±8% cetus_025 180м | SUI +15%/72ч, назад −15% | USDC −20%/72ч, назад +10%",0.15207126561853754,-0.0932160782893989,0.2082227487022816,0.09074762873202237,-0.20966078709508917,0.02390199826686711,-0.35008105064955575,-0.08977783058139607,-0.037075102246616365,0.0372895858049705,0.8649151656830951,0.5689265986399196,0.9574410568264016,0.47541072313739735,0.7529405119594788,0.2709101782704646,0.02248834592946214,0.02312494969947615,-0.3351861507889235,-0.0932160782893989
"±8% cetus_025 180м | SUI +15%/72ч, назад −15%",0.15189747318850386,-0.0913322677740861,0.20804895627224754,0.09057383630198912,-0.31176782879893505,-0.07820504343697877,-0.35163548784224574,-0.0913322677740861,0.025285179579729977,0.0996498676313169,0.8649151656830951,0.5689265986399196,0.9574410568264016,0.47541072313739735,0.7529405119594788,0.2709101782704646,0.0557249116666616,0.05636151543667779,-0.3285118588962059,-0.08654178639668053
"±12% cetus_025 180м | SUI +15%/72ч, назад −10% | USDC −15%/72ч, назад +10%",0.15102846584575214,-0.010457567744494654,0.20476531411495597,0.08729019414469892,-0.037451180003595264,0.1874880159625391,-0.22799548856221752,0.022970295368607337,0.020045843073085656,0.0932354192845456,0.631841924096487,0.3469575680031312,0.8561946945379615,0.39236671864983264,0.6061087818625531,0.1422808059744193,0.03273168020203421,0.03338647126743652,-0.2433537422866609,-0.010457567744494654
"±8% cetus_005 30м | SUI +20%/72ч, назад −10% | USDC −20%/72ч, назад +10%",0.15053252127280223,-0.03372462877468053,0.20625566808438692,0.08878054811412865,-0.182422095780019,0.04994628689458153,-0.29429592819437356,-0.03372462877468053,0.10120744956925898,0.17462477244702015,0.7240764223682885,0.4296218610785292,0.7978288907935942,0.3183052980146917,0.6547805108592301,0.1752569180803185,0.11712070466724889,0.11775981306460515,-0.26825060960813274,-0.027530150622647867
"±8% cetus_025 30м | SUI +15%/72ч, назад −15%",0.14929875814989269,-0.0807097162181995,0.20545024123363603,0.08797512126337839,-0.31427250158015585,-0.0807097162181995,-0.2776353183837521,-0.017332098315592504,-0.06296292457369845,0.01140176347788838,0.8877445231498482,0.5917559561066724,0.8975723262019155,0.41554199251291124,0.7507337777683559,0.2687034440793431,0.07504476915596392,0.07568137292598137,-0.3126227218693888,-0.07065264936986303
"±12% cetus_025 180м | SUI +15%/72ч, назад −15% | USDC −20%/72ч, назад +10%",0.14928682057809187,-0.12135374036605995,0.20302366884729625,0.08554854887703801,-0.23085634745156058,-0.005917151485426189,-0.34633298043187044,-0.09536719650104558,-0.017337730336072665,0.0558518458753872,0.7420294739589832,0.4571451178656275,1.0633442930040102,0.5995163171158814,0.7448042018872653,0.28097622599912964,0.02278835505583965,0.023443146121241015,-0.3542499149082247,-0.12135374036605995
"±12% cetus_005 30м | SUI +15%/72ч, назад −15%",0.14921267543329847,-0.16795888989640295,0.20398681834231525,0.08651169837206006,-0.39588211912374194,-0.16795888989640295,-0.4166667386891073,-0.1623569488461466,0.008690413889273385,0.08037787301247931,0.7877380812751325,0.49903958076641575,1.0868357427526778,0.6168113293127615,0.7908034819569638,0.3207790685170518,0.0626422583848204,0.06329085806599813,-0.29226657370749665,-0.05628146746576917
"±8% cetus_025 180м | SUI +15%/72ч, назад −10%",0.14839854099842043,-0.09112124049383069,0.20455002408216158,0.08707490411190844,-0.29593313259945475,-0.06237034723749844,-0.3514244605619904,-0.09112124049383069,-0.02172366915317392,0.052641018898412856,0.8068900559789745,0.5109014889357988,0.9534464257405457,0.4714160920515414,0.7385004204535277,0.2564700867645303,0.10090760303562551,0.10154420680564513,-0.29426305023676164,-0.052292977737235874
"±5% cetus_025 180м | SUI +20%/72ч, назад −10% | USDC −20%/72ч, назад +10%",0.14673872265341226,-0.06316955520020358,0.20586029442289597,0.08838517445264032,-0.30608512457373327,-0.06316955520020358,-0.15195887911729045,0.11833442571226073,0.0144048488129771,0.08759099029220167,0.7104908957515845,0.40242491223414134,0.9585050582011476,0.4566093945991065,0.6403160428167216,0.13842037921468417,0.08788750090465891,0.08850425653758712,-0.30667798741289837,-0.05480502216247998
"±8% cetus_005 180м | SUI +20%/72ч, назад −10%",0.14529121366129394,-0.09825194414999444,0.20101436047287902,0.08353924050261993,-0.20342451828430652,0.02894386439029404,-0.35882324356968753,-0.09825194414999444,0.24047493432829725,0.3138922572060585,0.6916680393492425,0.39721347805948315,0.7594674610014587,0.2799438682225562,0.6143838330873113,0.13486024030839971,0.13388886078724005,0.13452796918459328,-0.2695204829165236,-0.028800023931038865
±3% cetus_025 30м,0.14438911057490222,-0.04327245725632131,0.19651345758640998,0.07903833761615184,0.3053471112524304,0.5248904809912908,-0.043957465639142046,0.1991869781938918,0.07055527376532522,0.1489854555291673,0.39190093782584934,0.1134694465522972,0.5518489616908582,0.09762080291315613,0.474210299943849,0.019982141166136242,0.09358565330467139,0.09425003650959965,-0.2713831114525616,-0.04327245725632131
"±8% cetus_005 30м | SUI +20%/72ч, назад −10%",0.14361557035590788,-0.14042912153718448,0.19933871716749266,0.08186359719723414,-0.24185734269093973,-0.00948896001633912,-0.4010004209568776,-0.14042912153718448,0.16320850084090854,0.23662582371866975,0.7240764223682885,0.4296218610785292,0.7978288907935942,0.3183052980146917,0.6547805108592301,0.1752569180803185,0.14299415038730945,0.1436332587846649,-0.24532097426157218,-0.004600515276087478
"±3% cetus_025 180м | SUI +20%/72ч, назад −10% | USDC −15%/72ч, назад +10%",0.1417526662991436,-0.03590332570637401,0.19387701331065138,0.07640189334039318,-0.25544669544523446,-0.03590332570637401,-0.16927561590701967,0.07386882792601412,0.1164915138136351,0.19492169557747716,0.6241466899407124,0.34571519866716016,0.7601905327756497,0.30596237399794773,0.6193972911538543,0.16516913237614134,0.07724301936861666,0.07790740257354521,-0.22173062921500314,0.006380024981236972
"±8% cetus_025 30м | SUI +20%/72ч, назад −10% | USDC −15%/72ч, назад +10%",0.14000701096447726,0.01678163853624561,0.1961584940482193,0.07868337407796437,-0.046495932295299136,0.18706685306665718,-0.10622070018486529,0.15408251988329438,-0.026825286102940105,0.047539401948646684,0.6312536421462038,0.3352650751030282,0.7851292542948545,0.30309892060585014,0.5046556676749299,0.02262533398592865,0.05295974081615196,0.053596344586167174,-0.2251884339632812,0.01678163853624561
"±12% cetus_005 180м | SUI +15%/72ч, назад −10% | USDC −20%/72ч, назад +10%",0.1393731586093175,-0.1368719050807769,0.19414730151833398,0.07667218154807938,-0.20969524544629436,0.018227983781044656,-0.39118169492373767,-0.1368719050807769,0.09703795812763394,0.16872541725083978,0.6237378666227544,0.3350393661140379,0.8831333285017013,0.41310891506178476,0.7373345717649464,0.26731015832503674,0.1205061984955107,0.1211547981766899,-0.30769457099584285,-0.07170946475411676
"±3% cetus_025 30м | SUI +20%/72ч, назад −10% | USDC −20%/72ч, назад +10%",0.13704552334844983,-0.04408831382959406,0.18916987035995514,0.0716947503897024,-0.19637253067624938,0.023170839062611037,-0.09984153312419564,0.14330291070883816,0.07017601213302416,0.1486061938968662,0.5024909273007894,0.2240594360272371,0.8005026690255466,0.3462745102478445,0.6092960157885621,0.1550678570108674,0.09930637045799828,0.09997075366292826,-0.27219896802583426,-0.04408831382959406
"±3% cetus_025 30м | SUI +20%/72ч, назад −10% | USDC −15%/72ч, назад +10%",0.13611231460808332,0.013339664773944264,0.18823666161958913,0.07076154164933526,-0.09579564487150793,0.12374772486735253,-0.042227427554780705,0.20091701627825315,0.039361548488080045,0.11779173025192208,0.4131220086910574,0.13469051741750518,0.8005026690255466,0.3462745102478445,0.5471294812426984,0.09290132246500604,0.0585716473579152,0.05923603056283873,-0.21477098942229594,0.013339664773944264
"±3% cetus_025 30м | USDC −20%/72ч, назад +10%",0.13495476238665105,-0.038591011396487004,0.18707910939815947,0.06960398942789987,0.30782164070744833,0.5273650104463088,-0.06753975486962016,0.17560468896341364,0.027396369920666963,0.10582655168450898,0.39190093782584934,0.1134694465522972,0.5518489616908582,0.09762080291315613,0.474210299943849,0.019982141166136242,0.07769608555895136,0.0783604687638745,-0.2667016655927271,-0.038591011396487004
"±12% cetus_025 30м | SUI +15%/72ч, назад −10% | USDC −15%/72ч, назад +10%",0.13034793378069467,-0.014368173946238513,0.18408478204989825,0.06660966207964183,-0.022767757903283448,0.20217143806285093,-0.2273935857204158,0.023572198210409,0.02279959391466213,0.0959891701261219,0.5257807692834593,0.24089641319010355,0.7717489328076712,0.30792095691954247,0.6121227496452205,0.1482947737570926,0.03765190286027709,0.038306693925675574,-0.247264348488405,-0.014368173946238513
"±12% cetus_005 30м | SUI +15%/72ч, назад −10% | USDC −20%/72ч, назад +10%",0.13029543246074315,-0.13372961853788695,0.18506957536975982,0.06759445539950486,-0.19018207152693545,0.03774115770040353,-0.3880394083808477,-0.13372961853788695,0.1401283323444229,0.21181579146762886,0.623818682628204,0.3351201821194874,0.7889835833491099,0.3189591699091935,0.6841400047841529,0.2141155913442401,0.11928730134645038,0.1199359010276293,-0.2975798215864783,-0.06159471534475045
"±12% cetus_025 30м | SUI +15%/72ч, назад −15%",0.13012929774173068,-0.14364090708904706,0.18386614601093385,0.06639102604067829,-0.3685801030551814,-0.14364090708904706,-0.35368349992951564,-0.10271771599869084,-0.06275089991928384,0.010438676292176012,0.7353209899325412,0.4504366338391856,1.0633442930040102,0.5995163171158814,0.7497921876108202,0.28596421172269015,0.02438174055437592,0.025036531619779936,-0.316895540110296,-0.0839993655681296
"±12% cetus_025 180м | SUI +15%/72ч, назад −15%",0.12985259730788648,-0.19486691131057404,0.18358944557709064,0.06611432560683295,-0.4198061072767084,-0.19486691131057404,-0.3433445208415489,-0.09237873691072408,-0.017614297736847084,0.05557527847461273,0.7420294739589832,0.4571451178656275,1.0633442930040102,0.5995163171158814,0.7448042018872653,0.28097622599912964,0.031090569982453853,0.03174536104785616,-0.3317880483608831,-0.09889187381871736
"±8% cetus_005 180м | SUI +20%/72ч, назад −10% | USDC −20%/72ч, назад +10%",0.12730425790440053,-0.03736072224112519,0.18302740471598514,0.06555228474572697,-0.212596623846126,0.019771758828474616,-0.2975595689150039,-0.03698826949531082,0.07501887483144265,0.148436197709204,0.6916680393492425,0.39721347805948315,0.7594674610014587,0.2799438682225562,0.6143838330873113,0.13486024030839971,0.11191840344616644,0.11255751184352249,-0.27808118122661046,-0.03736072224112519
"±5% cetus_005 30м | USDC −15%/72ч, назад +10%",0.12654833377836194,0.022178595042048527,0.18287342953349237,0.06539830956323638,-0.05138984706353522,0.1867829323254817,-0.08171313452025164,0.18324138397560702,0.18812673916147626,0.2627360856531996,0.3212249716496429,0.022178595042048527,0.5224300516931744,0.03518370882161889,0.5488395008935634,0.061593158022008654,0.11965758122212877,0.12028897342104265,-0.1041884267682599,0.14038183296588855
"±5% cetus_005 180м | USDC −15%/72ч, назад +10%",0.1264215526494802,0.001983649444614457,0.1827466484046111,0.06527152843435415,-0.056739690346103044,0.1814330890429139,-0.14285857269820879,0.12209594579764982,0.13970423960451894,0.21431358609624226,0.5564759702661108,0.2574295936585165,0.4892299923161698,0.001983649444614457,0.5268557634637534,0.03960942059219391,0.08452460266142248,0.08515599486033651,-0.1352191180307748,0.10935114170337429
"±12% cetus_005 180м | SUI +15%/72ч, назад −10%",0.12534389051388664,-0.15833588942413052,0.1801180334229031,0.06264291345264857,-0.3148153015433821,-0.08689207231604314,-0.4126456792670913,-0.15833588942413052,0.07507312533984978,0.14676058446305576,0.6237378666227544,0.3350393661140379,0.8831333285017013,0.41310891506178476,0.7373345717649464,0.26731015832503674,0.13681956226848713,0.13746816194966485,-0.2876932063040407,-0.051708100062313134
"±5% cetus_025 30м | USDC −15%/72ч, назад +10%",0.12339009528538691,-0.10421767023448553,0.18251166705486954,0.06503654708461601,0.25525937156028444,0.49817494093381415,-0.06282825814164061,0.2074650466879106,0.031194898624033796,0.10438104010325844,0.4390357274943204,0.13096974397687716,0.49308008701728756,-0.008815576584753444,0.3976779933675474,-0.10421767023448553,0.045999175519185864,0.04661593115211922,-0.1393256590020625,0.11254730624835474
"±8% cetus_025 180м | SUI +20%/72ч, назад −10% | USDC −15%/72ч, назад +10%",0.11939720967156642,0.0008406901884728058,0.17554869275530785,0.058073572785054144,-0.04811970782293007,0.18544307753902628,-0.07464881617701624,0.18565440389114343,-0.033936765370760624,0.04042792268082621,0.5310215922279538,0.23503302518477795,0.7320803910164644,0.25005005732746016,0.49434250862741,0.012312174938411573,0.044779721852395094,0.0454163256224129,-0.24112938231105352,0.0008406901884728058
"±8% cetus_025 30м | SUI +20%/72ч, назад −10% | USDC −20%/72ч, назад +10%",0.11530372635004452,-0.058165215212728535,0.17145520943378814,0.05398008946352987,-0.16221494148233517,0.07134784387962113,-0.22296619826534514,0.03733702180281455,-0.04146152513472401,0.032903162916862815,0.664444577980621,0.36845601093744534,0.7851292542948545,0.30309892060585014,0.5883595564159663,0.10632922272695253,0.06048623937352193,0.06112284314353815,-0.3001352877122541,-0.058165215212728535
"±12% cetus_025 180м | SUI +15%/72ч, назад −10% | USDC −20%/72ч, назад +10%",0.11496899393495759,-0.10006630880568863,0.16870584220416038,0.0512307222339056,-0.19798300623458276,0.02695618973155163,-0.3510320927365135,-0.10006630880568863,-0.0032659297162731526,0.06992364649518663,0.5774904870831166,0.2926061309897608,0.8561946945379615,0.39236671864983264,0.7052629776113304,0.24143500172320814,0.09187560811873163,0.09253039918413272,-0.3288960010304877,-0.09599982648832317
"±8% cetus_025 30м | SUI +20%/72ч, назад −10%",0.11194184928668109,-0.054335478143890725,0.16809333237042504,0.050618212400166146,-0.19390530778701498,0.039657477574941286,-0.2628328349945005,-0.002529614926340855,-0.019324586650715903,0.05504010140087089,0.664444577980621,0.36845601093744534,0.7851292542948545,0.30309892060585014,0.5883595564159663,0.10632922272695253,0.07918155034760643,0.07981815411762014,-0.2963055506434165,-0.054335478143890725
"±12% cetus_005 180м | SUI +20%/72ч, назад −10% | USDC −15%/72ч, назад +10%",0.11089295366402648,0.0112699595229482,0.16566709657304368,0.04819197660278764,-0.11329852898802895,0.11462470023931004,-0.15164180331818633,0.10266798652477448,0.07700984474699535,0.14869730387020128,0.5100099622304561,0.22131146172173943,0.6667713950379686,0.19674698159805218,0.5020312078585059,0.03200679441858711,0.05916984173541895,0.05981844141659913,-0.22471514671878018,0.0112699595229482
"±12% cetus_025 180м | SUI +15%/72ч, назад −10%",0.106971355077861,-0.0970973725655081,0.16070820334706398,0.043233083376808756,-0.28886260415993437,-0.06392340819379996,-0.3480631564963329,-0.0970973725655081,-0.0034297295547104367,0.06975984665674943,0.5774904870831166,0.2926061309897608,0.8561946945379615,0.39236671864983264,0.7052629776113304,0.24143500172320814,0.10234633377350033,0.10300112483889826,-0.31527337601841915,-0.08237720147625324
"±12% cetus_025 30м | SUI +15%/72ч, назад −10% | USDC −20%/72ч, назад +10%",0.10453197655705797,-0.09905698889277773,0.158268824826262,0.04079370485600453,-0.17624165966491334,0.04869753630122105,-0.3500227728236025,-0.09905698889277773,0.036271316142061805,0.10946089235352162,0.5745846631703,0.28970030707694433,0.7717489328076712,0.30792095691954247,0.6694736462594175,0.20564567037128015,0.06159088139825841,0.0622456724636627,-0.32125440867909705,-0.08835823413693085
"±12% cetus_005 30м | SUI +15%/72ч, назад −10%",0.1043066566680506,-0.16887032056446835,0.15908079957706736,0.04160567960681222,-0.37421974409742487,-0.1462965148700858,-0.4231801104074291,-0.16887032056446835,0.1316560054287439,0.20334346455194974,0.623818682628204,0.3351201821194874,0.7889835833491099,0.3189591699091935,0.6841400047841529,0.2141155913442401,0.12319218374054097,0.12384078342171875,-0.2817442088093588,-0.04575910256763052
±5% cetus_005 30м,0.10048347902318389,-0.05808092072116864,0.15680857477831595,0.03933345480805661,-0.2845802442130346,-0.04640746482401767,-0.32303543921702726,-0.05808092072116864,0.2586852395427335,0.3332945860344569,0.4636821503139581,0.1646357737063636,0.5266503434823973,0.03940400061084176,0.6213092871260446,0.13406294425447796,0.19924564508083553,0.1998770372797479,-0.20748838388937957,0.03708187584476931
"±5% cetus_005 30м | USDC −20%/72ч, назад +10%",0.09930940304765498,-0.015443781116525912,0.15563449880278676,0.038159378832527985,-0.25361656050554293,-0.015443781116525912,-0.1971501014074707,0.06780441708838794,0.14316719777409537,0.21777654426581874,0.4636821503139581,0.1646357737063636,0.5266503434823973,0.03940400061084176,0.6213092871260446,0.13406294425447796,0.13711483961153648,0.13774623181044987,-0.19608116597272401,0.048489093761425864
"±5% cetus_025 180м | USDC −15%/72ч, назад +10%",0.09714489108807418,-0.13249413432151058,0.15626646285755832,0.03879134288730186,0.04291154399913544,0.28582711337266514,0.028449257520964055,0.29874256235051516,-0.011431546805037551,0.06175459467418705,0.4709658151880165,0.1628998316705733,0.4964455889997792,-0.005450074602262021,0.3694015292805324,-0.13249413432151058,0.025184024865784305,0.025800780498715523,-0.17179451018870778,0.08007845506170988
"±3% cetus_025 180м | USDC −20%/72ч, назад +10%",0.09467991427930508,-0.08550637122796445,0.14680426129081173,0.029329141320556078,-0.3050497409668249,-0.08550637122796445,-0.17512824970261054,0.06801619413042331,0.05941635862872641,0.13784654039256836,0.5991325022592848,0.3207010109857327,0.5860669246529184,0.13183876587521637,0.543081501967737,0.08885334319003874,0.1096003700551601,0.11026475326008472,-0.24268557656789747,-0.014574922371659084
"±3% cetus_025 180м | USDC −15%/72ч, назад +10%",0.09344096768088646,-0.01784344222160044,0.14556531469239306,0.028090194722137446,-0.07672140871794453,0.1428219610209159,-0.09344771706691124,0.1496967267661226,0.06641359187499773,0.1448437736388398,0.4406451078992162,0.16221361662566408,0.46461317092419585,0.010385012146493865,0.436384716556102,-0.01784344222160044,0.08150027583916086,0.08216465904408893,-0.15486521976967244,0.0732454344265669
"±12% cetus_005 30м | SUI +20%/72ч, назад −10% | USDC −15%/72ч, назад +10%",0.09290455321346411,0.020679421282733087,0.14767869612248116,0.03020357615222538,-0.08920563968933637,0.13871758953800267,-0.19404389230441466,0.06026589753854608,0.08892483066489776,0.16061228978810363,0.41263092220913444,0.12393242170041788,0.604491227282651,0.13446681384273462,0.5196087789698463,0.04958436552993063,0.054329026806066105,0.05497762648724425,-0.21530568495899527,0.020679421282733087
"±8% cetus_025 180м | SUI +20%/72ч, назад −10%",0.08838968266697766,-0.06589064710442558,0.14454116575071957,0.027066045780464905,-0.2193189513695829,0.014243833992373424,-0.27330196423097464,-0.012998744162814973,0.04709078826414559,0.12145547631573252,0.6029412480771732,0.3069526810339974,0.7320803910164644,0.25005005732746016,0.49882503048787996,0.016794696798876886,0.07587350336460263,0.07651010713462142,-0.30786071960395167,-0.06589064710442558
±5% cetus_005 180м,0.08728508372634997,-0.04739371488774907,0.14361017948148166,0.026135059511223097,-0.24482389437724994,-0.0066511149882329335,-0.31234823338360773,-0.04739371488774907,0.1741909236793473,0.24880027017107054,0.5679252235842551,0.26887884697666065,0.4530950644377367,-0.034151278433818676,0.5816104692547277,0.09436412638316227,0.1648251863010467,0.1654565784999607,-0.23559330364440256,0.008976956089746224
"±12% cetus_025 180м | SUI +20%/72ч, назад −10% | USDC −15%/72ч, назад +10%",0.08643303136888586,-0.007722064235726479,0.1401698796380886,0.022694759667833776,-0.11271580269796955,0.11222339326816481,-0.11828610292114095,0.1326796810096839,-0.013649843890844227,0.059539732320615574,0.47344923572727393,0.18856487963391827,0.6454161270766883,0.18158815118855956,0.46593168978005184,0.0021037138919247416,0.02183197280854343,0.022486763873946457,-0.24061823877789384,-0.007722064235726479
"±12% cetus_025 30м | SUI +15%/72ч, назад −10%",0.08483563597654734,-0.13645051145235698,0.1385724842457518,0.021097364275493316,-0.3613897074184913,-0.13645051145235698,-0.3565199461984315,-0.1055541622676067,0.0479897470068662,0.12117932321832611,0.5745846631703,0.28970030707694433,0.7717489328076712,0.30792095691954247,0.6694736462594175,0.20564567037128015,0.07492990511034925,0.07558469617575006,-0.3122373667716668,-0.07934119222950081
"±8% cetus_025 180м | SUI +20%/72ч, назад −10% | USDC −20%/72ч, назад +10%",0.07626229391562503,-0.08196215217297848,0.13241377699936765,0.014938657029111485,-0.19017399133974056,0.04338879402221579,-0.23132821174803164,0.028975008320127955,-0.07757342061932593,-0.0032087325677390764,0.6029412480771732,0.3069526810339974,0.7320803910164644,0.25005005732746016,0.49882503048787996,0.016794696798876886,0.0484713947930262,0.04910799856303953,-0.3239322246725043,-0.08196215217297848
"±12% cetus_025 30м | SUI +20%/72ч, назад −10% | USDC −15%/72ч, назад +10%",0.07196782109545534,0.00815445181694919,0.1257046693646593,0.008229549394401958,-0.08898359421338742,0.13595560175274699,-0.15194288359188335,0.09902290033894147,-0.003482251206111231,0.06970732500534865,0.38505797781453843,0.10017362172118283,0.5888161974146733,0.1249882215265444,0.48610818618949303,0.022280210301357784,0.01480544523516969,0.015460236300571353,-0.2247417227252182,0.00815445181694919
"±5% cetus_005 180м | USDC −20%/72ч, назад +10%",0.06888051489005396,-0.08423594093324653,0.12520561064518582,0.007730490674926912,-0.32240872032226353,-0.08423594093324653,-0.278202997440137,-0.013248478944278332,0.11109206060401977,0.18570140709574304,0.5679252235842551,0.26887884697666065,0.4530950644377367,-0.034151278433818676,0.5816104692547277,0.09436412638316227,0.11558840379950686,0.11621979599842105,-0.22705461875635902,0.017515640977788252
"±5% cetus_025 30м | USDC −20%/72ч, назад +10%",0.06818717297474851,-0.026314449120026923,0.12730874474423132,0.009833624773977463,0.06467935993672125,0.30759492931025095,-0.16571844013274672,0.10457486469680446,0.012004056264846685,0.08519019774407127,0.3596687297251304,0.05160274620768718,0.49120766204463706,-0.010688001557404049,0.4872418171833187,-0.014653846418714808,0.04757418730238794,0.04819094293531996,-0.2781874143704447,-0.026314449120026923
"±8% cetus_025 30м | USDC −15%/72ч, назад +10%",0.06326287707435817,-0.16301868950571133,0.11941436015810017,0.0019392401878452715,0.16410272071743326,0.39766550607938955,-0.004277049438849212,0.25602617062931043,-0.055828714256885625,0.018535973794701163,0.35970346485743154,0.06371489781425595,0.3190116441832931,-0.16301868950571133,0.3465271686754322,-0.13550316501356677,0.009598418577754009,0.01023502234776899,-0.18352277205080797,0.05844730044871739
"±12% cetus_005 180м | SUI +20%/72ч, назад −10% | USDC −20%/72ч, назад +10%",0.061474237189898986,-0.06735045081679565,0.11624838009891619,-0.0012267398713399318,-0.276438081766029,-0.048514852538690006,-0.30458836440913484,-0.050278574566174114,0.06510826916759616,0.136795728290802,0.44563054026135696,0.15693203975264025,0.6667713950379686,0.19674698159805218,0.5329952762205077,0.06297086278058998,0.10384356333758604,0.10449216301876724,-0.30333555705852194,-0.06735045081679565
"±12% cetus_005 30м | SUI +20%/72ч, назад −10% | USDC −20%/72ч, назад +10%",0.05795568328015468,-0.08478662084004199,0.11272982618917263,-0.0047452937810851005,-0.24841612916639788,-0.020492899939058874,-0.3390964106830028,-0.08478662084004199,0.11251674183595406,0.18420420095916,0.45953858850405704,0.17084008799534048,0.604491227282651,0.13446681384273462,0.5476989103745038,0.07767449693458103,0.06454364494217446,0.0651922446233555,-0.2994379635765587,-0.06345285733483337
"±12% cetus_005 30м | USDC −15%/72ч, назад +10%",0.05501419845500242,-0.09281207710246463,0.10978834136401852,-0.007686778606235236,-0.022605673684518157,0.20531755554282086,-0.1923599851271942,0.06194980471576656,0.0775536040983309,0.14924106322153677,0.31796859567672864,0.029270095168012062,0.44606477990153914,-0.02395963353837743,0.37721233633744333,-0.09281207710246463,0.042537563612108475,0.04318616329328791,-0.16806448990228995,0.06792061633943725
"±12% cetus_005 30м | SUI +20%/72ч, назад −10%",0.05346778804392352,-0.15108773729358674,0.10824193095294157,-0.009233189017316335,-0.31607224549206203,-0.08814901626472306,-0.40539752713654753,-0.15108773729358674,0.1924662836747726,0.26415374279797843,0.45953858850405704,0.17084008799534048,0.604491227282651,0.13446681384273462,0.5476989103745038,0.07767449693458103,0.07856352739476558,0.07921212707594392,-0.29535331697860784,-0.05936821073688052
±5% cetus_025 30м,0.05333244387331384,-0.033954501512240894,0.11245401564279674,-0.005021104327457296,-0.0607655911026892,0.18214997827084048,-0.19894431258379697,0.07134899224575421,0.04365312704507951,0.11683926852430418,0.3596687297251304,0.05160274620768718,0.49120766204463706,-0.010688001557404049,0.4872418171833187,-0.014653846418714808,0.06339815959335315,0.0640149152262844,-0.2858274667626588,-0.033954501512240894
"±8% cetus_005 30м | USDC −15%/72ч, назад +10%",0.05221624320987929,-0.19820483353954615,0.10793939002146166,-0.00953572994879176,-0.07290097348457591,0.15946740919002467,-0.11427253956231398,0.1462987598573791,0.06947984659559858,0.1428971694733599,0.3572795406385274,0.06282497934876802,0.28131875923935645,-0.19820483353954615,0.43465633422687844,-0.044867258552015274,0.0606276789927821,0.06126678739013798,-0.15267352647455984,0.08804693251092609
"±12% cetus_005 180м | USDC −15%/72ч, назад +10%",0.04536834212644163,-0.1382406623999023,0.10014248503545936,-0.017332634934797884,-0.10909502058386733,0.11882820864347167,-0.16240922253219958,0.09190056731076111,0.021444352058935356,0.09313181118214117,0.3872297553141919,0.09853125480547532,0.44976484443446885,-0.020259569005447703,0.33178375104001623,-0.1382406623999023,0.05205563097784449,0.052704230659022785,-0.16963421042571497,0.06635089581601093
"±12% cetus_005 180м | SUI +20%/72ч, назад −10%",0.04342172268692393,-0.14528523043653307,0.09819586559594096,-0.019279254374314776,-0.37320845966387206,-0.14528523043653307,-0.3377652136395287,-0.08345542379656791,0.031437974415950753,0.10312543353915672,0.44563054026135696,0.15693203975264025,0.6667713950379686,0.19674698159805218,0.5329952762205077,0.06297086278058998,0.10742587919535085,0.10807447887653204,-0.28772046706020643,-0.05173536081847878
"±12% cetus_025 30м | USDC −15%/72ч, назад +10%",0.039662330897954894,-0.14162424495330256,0.09339917916715751,-0.02407594080309689,0.11740490311789054,0.34234409908402486,-0.16032916065082725,0.09063662327999751,-0.007919824980700652,0.06526975123075913,0.202407230058675,-0.08247712603468074,0.4390734421807456,-0.024754533707383074,0.3222037309348219,-0.14162424495330256,0.019996576561664203,0.02065136762706736,-0.18564346388500935,0.047252710657156666
"±8% cetus_005 180м | USDC −15%/72ч, назад +10%",0.03845421343923632,-0.2504676472842391,0.09417736025081977,-0.023297759719435887,-0.10362887210803573,0.1287395105665648,-0.09683567011795702,0.16373562930173605,0.05700794469963166,0.13042526757739295,0.3888393237657066,0.09438476247594735,0.22905594549466346,-0.2504676472842391,0.3860396716893637,-0.0934839210895359,0.05594073935506083,0.05657984775241523,-0.16300020077187533,0.0777202582136092
"±12% cetus_025 30м | SUI +20%/72ч, назад −10% | USDC −20%/72ч, назад +10%",0.03492516988200967,-0.09453167493987216,0.08866201815121341,-0.028813101819043507,-0.23659590027135924,-0.011656704305224821,-0.28651354895245884,-0.035547765021634065,0.009646804128380815,0.08283638033984062,0.42751802236305014,0.14263366626969456,0.5888161974146733,0.1249882215265444,0.5009192710362811,0.037091295148146346,0.03293314897317878,0.0335879400385825,-0.3274278494820388,-0.09453167493987216
"±12% cetus_025 180м | SUI +20%/72ч, назад −10% | USDC −20%/72ч, назад +10%",0.03327803140062528,-0.10491568865795195,0.08701487966982831,-0.030460240300427023,-0.26595934446508307,-0.041020148498948715,-0.25873807392475556,-0.0077722899939307415,-0.036184926530619665,0.037004649680840204,0.41667724812419693,0.13179289203084124,0.6454161270766883,0.18158815118855956,0.48409424831637016,0.02026627242824617,0.04862562196194653,0.04928041302734648,-0.33781186320011714,-0.10491568865795195
±5% cetus_025 180м,0.032378101800015824,-0.05293271597892599,0.09149967356949787,-0.02597544640075445,-0.1785088296473174,0.06440673972621226,-0.058237277196965254,0.21205602763258596,-0.0029524406165297723,0.0702337008626948,0.3031817276290014,-0.004884255888441942,0.47268852478634127,-0.029207138815699807,0.4489629476231015,-0.05293271597892599,0.046100553033799674,0.046717308666732224,-0.29923781705544855,-0.04736485180503095
"±12% cetus_025 180м | SUI +20%/72ч, назад −10%",0.023883986111394088,-0.1308098732391184,0.07762083438059691,-0.039854285589657985,-0.35574906920525284,-0.1308098732391184,-0.25299880671615993,-0.0020330227853351344,-0.06827366571123494,0.004915910500224925,0.41667724812419693,0.13179289203084124,0.6454161270766883,0.18158815118855956,0.48409424831637016,0.02026627242824617,0.07332790493067387,0.07398269599607474,-0.32152731177050625,-0.08863113722834037
"±12% cetus_025 30м | SUI +20%/72ч, назад −10%",0.02336828722724346,-0.08590489334444172,0.07710513549644737,-0.040369984473809926,-0.3103889700418212,-0.08544977407568681,-0.32006032466886725,-0.06909454073804241,0.015904806781690928,0.08909438299315084,0.42751802236305014,0.14263366626969456,0.5888161974146733,0.1249882215265444,0.5009192710362811,0.037091295148146346,0.03293314897317878,0.0335879400385825,-0.31880106788660684,-0.08590489334444172
"±12% cetus_025 180м | USDC −15%/72ч, назад +10%",0.022056799521482925,-0.1811386965151118,0.07579364779068593,-0.04168147217956932,-0.04394057406234575,0.18099862190378857,-0.13662395753944256,0.11434182639138228,-0.055469208119704794,0.017720368091755034,0.29522485620268024,0.010340500109324467,0.43992349509858,-0.023904480789548755,0.28268927937301347,-0.1811386965151118,0.0039282851688781095,0.004583076234278707,-0.17938299379617134,0.0535131807459949
±8% cetus_005 180м,0.021289184865772574,-0.18065065367099295,0.0770123316773564,-0.04046278829289996,-0.22647959468526224,0.00588878798933834,-0.3366854196903172,-0.07611412027062414,0.1821642210449521,0.2555815439227133,0.46432486743579826,0.16987030614603896,0.2988729391079097,-0.18065065367099295,0.43625404259248424,-0.04326955018642039,0.07322019110109645,0.07385929949845255,-0.27557259348781016,-0.03485213450232507
"±8% cetus_025 180м | USDC −15%/72ч, назад +10%",0.018438433475156772,-0.2489252509775001,0.07458991655889774,-0.042885203411355016,0.007478536715510131,0.24104132207746645,-0.03882749504314331,0.2214757250250163,-0.06974598482579408,0.004618703225792728,0.315872570950428,0.01988400390725218,0.2331050827115042,-0.2489252509775001,0.31369831252043323,-0.16833202116856144,0.028513373949342835,0.029149977719361363,-0.19337506450709907,0.04859500799242668
"±8% cetus_005 30м | USDC −20%/72ч, назад +10%",0.014473107959113038,-0.12881639075268425,0.07019625477069774,-0.04727886519956054,-0.2824945571917852,-0.050126174517184555,-0.20401736361200906,0.056553935807684044,-0.004382957049989811,0.06903436582777146,0.3903839421869295,0.09592938089717024,0.3507072020262183,-0.12881639075268425,0.48086909044712445,0.0013454976682109531,0.08879758399709614,0.08943669239445343,-0.25829290263800236,-0.01757244365251701
"±8% cetus_025 30м | USDC −20%/72ч, назад +10%",0.009097181795289278,-0.11397224011856338,0.06524866487903169,-0.052226455091224054,-0.0861009267822418,0.14746185857971456,-0.12016415625760912,0.14013906381055052,-0.131312556095058,-0.05694786804347118,0.34970331905319907,0.0537147520100234,0.36805809357044095,-0.11397224011856338,0.4063621146632349,-0.07566821902576862,0.027162733773480996,0.02779933754349649,-0.2917193028931935,-0.049749230393667576
"±5% cetus_025 180м | USDC −20%/72ч, назад +10%",0.007862328672590601,-0.05293271597892599,0.06698390044207285,-0.0504912195281798,-0.23808881086080502,0.00482675851272461,-0.09843946657695735,0.1718538382525938,-0.09325449178715384,-0.020068350307929278,0.3031817276290014,-0.004884255888441942,0.47268852478634127,-0.029207138815699807,0.4489629476231015,-0.05293271597892599,0.033460273607369695,0.03407702924030204,-0.2926395008843149,-0.040766535633898614
"±8% cetus_005 180м | USDC −20%/72ч, назад +10%",-0.004043494298530856,-0.18065065367099295,0.0516796525130528,-0.06579546745720324,-0.3314391300878192,-0.09907074741321864,-0.27753342197347863,-0.01696212255378555,0.02389950343076319,0.09731682630852447,0.46432486743579826,0.16987030614603896,0.2988729391079097,-0.18065065367099295,0.43625404259248424,-0.04326955018642039,0.0685602284457022,0.06919933684306116,-0.2695018088469373,-0.028781349861453906
±8% cetus_025 180м,-0.007079140004829691,-0.17853881841075578,0.049072343078912097,-0.06840277689134232,-0.09679236886703568,0.1367704164949207,-0.24528929966058866,0.015013920407570965,0.02308394123360613,0.09744862928519296,0.32665465281018036,0.030666085767004744,0.3034915152782487,-0.17853881841075578,0.3765021719537488,-0.10552816173524875,0.018991691875619443,0.01962829564563421,-0.3140635599924823,-0.07209348749295658
±8% cetus_005 30м,-0.009390789487463256,-0.16561482700211103,0.04633235732412177,-0.07114276264613714,-0.39798320967671164,-0.16561482700211103,-0.34219552835620304,-0.08162422893650997,0.05167702755486925,0.1250943504326304,0.3903839421869295,0.09592938089717024,0.3507072020262183,-0.12881639075268425,0.48086909044712445,0.0013454976682109531,0.10312806469977398,0.10376717309712943,-0.26592773028902666,-0.025207271303541817
±8% cetus_025 30м,-0.019970081135044844,-0.11397224011856338,0.0361814019486974,-0.08129371802155798,-0.30270375404016736,-0.06914096867821101,-0.14205405573332885,0.11824916433483082,-0.11125639756970718,-0.036891709518120305,0.34970331905319907,0.0537147520100234,0.36805809357044095,-0.11397224011856338,0.4063621146632349,-0.07566821902576862,0.02751777336028771,0.028154377130303915,-0.30617587771438004,-0.06420580521485356
"±12% cetus_005 180м | USDC −20%/72ч, назад +10%",-0.022155522238377533,-0.1069375939612506,0.03261862067063836,-0.08485649929961493,-0.3348608231885897,-0.1069375939612506,-0.30077056910326927,-0.04646077926030855,-0.03851295693591117,0.033174502187294765,0.36204730857802025,0.07334880806930358,0.43576573142544706,-0.03425868201446946,0.38573580706926414,-0.08428860637064303,0.03570755156334071,0.03635615124452088,-0.2841630840431952,-0.04817797780146783
±12% cetus_005 180м,-0.02310784771288853,-0.11263976474028795,0.03166629519612743,-0.08580882477412602,-0.340562993967627,-0.11263976474028795,-0.3515492783068862,-0.09723948846392545,-0.015534096764711625,0.05615336235849426,0.36204730857802025,0.07334880806930358,0.43576573142544706,-0.03425868201446946,0.38573580706926414,-0.08428860637064303,0.07023586533853055,0.07088446501970999,-0.2928079818030177,-0.05682287556129019
±12% cetus_025 180м,-0.03265074919177745,-0.13749086790474335,0.0210860990774258,-0.09638902089283002,-0.2747559904542066,-0.049816794488072275,-0.2589168291418308,-0.007951045211005975,-0.10710820023619239,-0.03391862402473251,0.34573111338854123,0.06084675729518551,0.42519228773940343,-0.03863568814872537,0.32633710798338345,-0.13749086790474335,0.03305091251462389,0.03370570358002403,-0.3208416091743158,-0.08794543463214964
"±12% cetus_025 180м | USDC −20%/72ч, назад +10%",-0.03751872726197585,-0.13749086790474335,0.016218121007227068,-0.10125699896302805,-0.27714007178303535,-0.052200875816900943,-0.2573582852680364,-0.006392501337211627,-0.12352127654740852,-0.05033170033594871,0.34573111338854123,0.06084675729518551,0.42519228773940343,-0.03863568814872537,0.32633710798338345,-0.13749086790474335,0.008579716269179305,0.009234507334581678,-0.3180756237242106,-0.085179449182044
"±8% cetus_025 180м | USDC −20%/72ч, назад +10%",-0.039240504929882465,-0.17853881841075578,0.016910978153859238,-0.10056414181639504,-0.23490601543507028,-0.0013432300731139434,-0.21395025504213283,0.04635296502602685,-0.10933372737935276,-0.0349690393277659,0.32665465281018036,0.030666085767004744,0.3034915152782487,-0.17853881841075578,0.3765021719537488,-0.10552816173524875,-0.00467656755318796,-0.0040399637831728084,-0.3084939494015601,-0.06652387690203412
"±12% cetus_025 30м | USDC −20%/72ч, назад +10%",-0.03933036691551093,-0.10821421278952897,0.014406481353692616,-0.10306863861656379,-0.15633230864813685,0.06860688731799755,-0.27319052054585613,-0.022224736615031306,-0.06949465910806163,0.0036949171033981544,0.18655141217532623,-0.09833294391802952,0.378720660263798,-0.0851073156243308,0.35561376309860426,-0.10821421278952897,0.007849843873990237,0.008504634939394152,-0.3144663402801232,-0.08157016573795667
"±12% cetus_005 30м | USDC −20%/72ч, назад +10%",-0.05428306141522122,-0.18959617343774965,0.0004910814937951896,-0.11698403847645919,-0.2759942742396416,-0.04807104501230256,-0.3219191626807748,-0.06760937283781403,0.0229848408061184,0.09467229992932431,0.1301146764341201,-0.15858382407459642,0.28042824000216693,-0.18959617343774965,0.4107028167555078,-0.05932159668440292,0.04551961071218735,0.04616821039336663,-0.28790809583932264,-0.051922989597595115
±12% cetus_025 30м,-0.09544046309508095,-0.30189957206754087,-0.0417036148258767,-0.15917873479613465,-0.5268387680336752,-0.30189957206754087,-0.32521485440639664,-0.07424907047557185,-0.09641346158975861,-0.0232238853782988,0.18655141217532623,-0.09833294391802952,0.378720660263798,-0.0851073156243308,0.35561376309860426,-0.10821421278952897,0.021184000298922867,0.021838791364322815,-0.3272316704138345,-0.09433549587166959
±12% cetus_005 30м,-0.09930320056662013,-0.3927708096178693,-0.044529057657603746,-0.16200417762785804,-0.6206940388452082,-0.3927708096178693,-0.35757989252997535,-0.10327010268701457,0.04512954767405497,0.11681700679726077,0.1301146764341201,-0.15858382407459642,0.28042824000216693,-0.18959617343774965,0.4107028167555078,-0.05932159668440292,0.04943105853507368,0.050079658216253334,-0.29376486928656986,-0.05777976304484227
